时间(s),温度(摄氏度)
0,25
0.5,25
1,25
1.5,25
2,25
2.5,25
3,25
3.5,25
4,25
4.5,25
5,25
5.5,25
6,25
6.5,25
7,25
7.5,25
8,25
8.5,25
9,25
9.5,25
10,25
10.5,25
11,25
11.5,25
12,25
12.5,25.00000005
13,25.00000009
13.5,25.00000043
14,25.00000076
14.5,25.0000021
15,25.00000344
15.5,25.00000738
16,25.00001133
16.5,25.00002084
17,25.00003035
17.5,25.00005027
18,25.0000702
18.5,25.00010776
19,25.00014532
19.5,25.00021055
20,25.00027578
20.5,25.0003819
21,25.00048801
21.5,25.00065163
22,25.00081526
22.5,25.0010566
23,25.00129795
23.5,25.00164087
24,25.00198379
24.5,25.00245573
25,25.00292766
25.5,25.00355958
26,25.00419149
26.5,25.00501765
27,25.00584381
27.5,25.00690162
28,25.00795942
28.5,25.00928913
29,25.01061883
29.5,25.01226328
30,25.01390773
30.5,25.01591205
31,25.01791638
31.5,25.02032772
32,25.02273906
32.5,25.02560625
33,25.02847345
33.5,25.03184676
34,25.03522007
34.5,25.03915089
35,25.04308171
35.5,25.04762231
36,25.0521629
36.5,25.05736617
37,25.06256943
37.5,25.06848863
38,25.07440783
38.5,25.08109643
39,25.08778503
39.5,25.09529645
40,25.10280788
40.5,25.11119536
41,25.11958283
41.5,25.12889923
42,25.13821563
42.5,25.1485133
43,25.15881098
43.5,25.17014165
44,25.18147232
44.5,25.19388696
45,25.2063016
45.5,25.21985033
46,25.23339906
46.5,25.24813106
47,25.26286306
47.5,25.27882651
48,25.29478996
48.5,25.31203197
49,25.32927397
49.5,25.34784052
50,25.36640706
50.5,25.38634295
51,25.40627884
51.5,25.4276277
52,25.44897656
52.5,25.47178077
53,25.49458498
53.5,25.51888569
54,25.5431864
54.5,25.5690235
55,25.59486059
55.5,25.62227269
56,25.64968479
56.5,25.67870924
57,25.70773369
57.5,25.73840659
58,25.76907948
58.5,25.80143564
59,25.83379181
59.5,25.86786481
60,25.90193782
60.5,25.93776
61,25.97358219
61.5,26.01118467
62,26.04878716
62.5,26.08819985
63,26.12761253
63.5,26.16886415
64,26.21011576
64.5,26.25323386
65,26.29635196
65.5,26.34136296
66,26.38637395
66.5,26.43330314
67,26.48023232
67.5,26.52910389
68,26.57797545
68.5,26.62881253
69,26.6796496
69.5,26.73247426
70,26.78529891
70.5,26.84013221
71,26.89496551
71.5,26.95182751
72,27.00868951
72.5,27.06759931
73,27.12650911
73.5,27.18748485
74,27.2484606
74.5,27.31151953
75,27.37457846
75.5,27.43973692
76,27.50489537
76.5,27.57216884
77,27.63944231
77.5,27.70884543
78,27.77824855
78.5,27.84979515
79,27.92134175
79.5,27.99504487
80,28.06874799
80.5,28.14461991
81,28.22049183
81.5,28.29854408
82,28.37659633
82.5,28.45683973
83,28.53708314
83.5,28.61952782
84,28.7019725
84.5,28.78662792
85,28.87128334
85.5,28.95815829
86,29.04503325
86.5,29.13413593
87,29.22323861
87.5,29.31457658
88,29.40591455
88.5,29.49949481
89,29.59307506
89.5,29.68890402
90,29.78473298
90.5,29.88281653
91,29.98090007
91.5,30.08124355
92,30.18158703
92.5,30.28419528
93,30.38680353
93.5,30.49168091
94,30.59655829
94.5,30.70370867
95,30.81085905
95.5,30.92028586
96,31.02971267
96.5,31.14141889
97,31.25312511
97.5,31.36711329
98,31.48110147
98.5,31.59737377
99,31.71364607
99.5,31.83220423
100,31.9507624
100.5,32.07160782
101,32.19245324
101.5,32.31558691
102,32.43872059
102.5,32.56414318
103,32.68956578
103.5,32.81727761
104,32.94498945
104.5,33.07499052
105,33.20499159
105.5,33.33728158
106,33.46957158
106.5,33.60414987
107,33.73872816
107.5,33.87559385
108,34.01245952
108.5,34.15161137
109,34.29076316
109.5,34.43219947
110,34.57363561
110.5,34.71735394
111,34.86107186
111.5,35.00706866
112,35.15306457
112.5,35.30133468
113,35.44960311
113.5,35.60013926
114,35.75067255
114.5,35.90346487
115,36.0562527
115.5,36.2112883
116,36.36631726
116.5,36.52357987
117,36.68083314
117.5,36.84030287
118,36.99975998
118.5,37.16141319
119,37.32304991
119.5,37.48685913
120,37.65064739
120.5,37.81658138
121,37.9824894
121.5,38.15051326
122,38.31850558
122.5,38.48858092
123,38.65861865
123.5,38.83070382
124,39.00274484
124.5,39.17679518
125,39.35079441
125.5,39.52676254
126,39.70267223
126.5,39.88050834
127,40.05827836
127.5,40.23793051
128,40.41750863
128.5,40.59892306
129,40.7802553
129.5,40.96337672
130,41.1464076
130.5,41.33117947
131,41.51585231
131.5,41.70221711
132,41.88847429
132.5,42.07637377
133,42.26415699
133.5,42.45353245
134,42.64278295
134.5,42.83357538
135,43.02423418
135.5,43.21638453
136,43.40839261
136.5,43.60184194
137,43.79514041
137.5,43.98983007
138,44.18436038
138.5,44.38023215
139,44.57593618
139.5,44.77293241
140,44.96975261
140.5,45.16781633
141,45.36569588
141.5,45.56477091
142,45.76365377
142.5,45.96368479
143,46.16351583
143.5,46.36444848
144,46.5651735
144.5,46.76695443
145,46.96852028
145.5,47.17109723
146,47.37345182
146.5,47.57677364
147,47.77986601
147.5,47.9838827
148,48.18766305
148.5,48.39232579
149,48.59674551
149.5,48.80200669
150,49.00701837
150.5,49.2128316
151,49.41838905
151.5,49.62470916
152,49.83076744
152.5,50.0375505
153,50.24406588
153.5,50.4512692
154,50.65819918
154.5,50.86578131
155,51.07308464
155.5,51.28100533
156,51.48864197
156.5,51.69686219
157,51.90479331
157.5,52.11327524
158,52.32146321
158.5,52.53017021
159,52.73857857
159.5,52.94747516
160,53.15606864
160.5,53.36512049
161,53.57386494
161.5,53.78303885
162,53.99190126
162.5,54.20116514
163,54.41011358
163.5,54.61943642
164,54.82844006
164.5,55.0377919
165,55.24682097
165.5,55.45617289
166,55.66519863
166.5,55.87452274
167,56.08351741
167.5,56.29278679
168,56.50172362
168.5,56.71091232
169,56.91976552
169.5,57.12884851
170,57.33759321
170.5,57.5465464
171,57.75515863
171.5,57.96395878
172,58.17241548
172.5,58.38104025
173,58.58931918
173.5,58.79774704
174,59.00582682
174.5,59.21403708
175,59.42189713
175.5,59.62986986
176,59.8374904
176.5,60.04520646
177,60.25256844
177.5,60.46000942
178,60.66709457
178.5,60.87424277
179,61.08103351
179.5,61.28787196
180,61.4943514
180.5,61.70086379
181,61.90701573
181.5,62.11318638
182,62.31899527
182.5,62.52480917
183,62.73026007
183.5,62.93570281
184,63.14078142
184.5,63.34583917
185,63.55053175
185.5,63.75519128
186,63.95948468
186.5,64.1637333
187,64.36761491
187.5,64.57144046
188,64.77489823
188.5,64.97828908
189,65.18131144
189.5,65.38425645
190,65.58683235
190.5,65.78932089
191,65.99143976
191.5,66.19346165
192,66.39511337
192.5,66.59665887
193,66.7978338
193.5,66.99889363
194,67.19958254
194.5,67.40014783
195,67.60034191
195.5,67.8004042
196,68.00009506
196.5,68.19964628
197,68.39882591
197.5,68.59785837
198,68.79651914
198.5,68.99502553
199,69.19316017
199.5,69.39113352
200,69.58873511
200.5,69.78616879
201,69.98323076
201.5,70.18011847
202,70.37663458
202.5,70.57297034
203,70.76893465
203.5,70.96471279
204,71.16011967
204.5,71.35533482
205,71.55017894
205.5,71.74482599
206,71.9391023
206.5,72.13317644
207,72.32688015
207.5,72.52037684
208,72.71350344
208.5,72.90641836
209,73.09896361
209.5,73.29129271
210,73.48325257
210.5,73.67499205
211,73.86636275
211.5,74.05750902
212,74.248287
212.5,74.43883669
213,74.62901863
213.5,74.81896859
214,75.00855135
214.5,75.19789864
215,75.38687931
215.5,75.57562117
216,75.76399703
216.5,75.9521309
217,76.13989942
217.5,76.32742293
218,76.51458174
218.5,76.70149269
219,76.88803963
219.5,77.07433598
220,77.26026904
220.5,77.44594893
221,77.63126626
221.5,77.81632797
222,78.0010279
222.5,78.18546988
223,78.36955085
223.5,78.55337169
224,78.73683232
224.5,78.92003074
225,79.10286977
225.5,79.28544465
226,79.46766097
226.5,79.64961128
227,79.8312039
227.5,80.01252878
228,80.19349683
228.5,80.37419551
229,80.55453825
229.5,80.7346101
230,80.91432689
230.5,81.09377136
231,81.2728617
231.5,81.45167838
232,81.63014185
232.5,81.80833041
233,81.98616669
233.5,82.16372691
234,82.34093581
234.5,82.51786757
235,82.69444896
235.5,82.87075221
236,83.04670608
236.5,83.22238089
237,83.39770729
237.5,83.57275379
238,83.74745288
238.5,83.92187128
239,84.09594329
239.5,84.2697339
240,84.44317913
240.5,84.61634232
241,84.78916115
241.5,84.96169737
242,85.13389026
242.5,85.30580002
243,85.47736748
243.5,85.64865137
244,85.819594
244.5,85.99025266
245,86.16057111
245.5,86.33060524
246,86.50030023
246.5,86.6697106
247,86.83878289
247.5,87.00757033
248,87.17602075
248.5,87.34418613
249,87.51201557
249.5,87.67955982
250,87.8467692
250.5,88.0136933
251,88.18028362
251.5,88.34658859
252,88.51256087
252.5,88.67824778
253,88.8436031
253.5,89.00867308
254,89.17341255
254.5,89.33786675
255,89.50199153
255.5,89.66583115
256,89.82934245
256.5,89.99256873
257,90.15546778
257.5,90.31808198
258,90.48037007
258.5,90.64237351
259,90.80405194
259.5,90.96544595
260,91.12651607
260.5,91.28730204
261,91.44776522
261.5,91.60794454
262,91.76780219
262.5,91.9273763
263,92.08662985
263.5,92.24560021
264,92.40425113
264.5,92.56261923
265,92.72066901
265.5,92.87843636
266,93.03588651
266.5,93.19305466
267,93.34990672
267.5,93.50647722
268,93.66273275
268.5,93.81870719
269,93.97436777
269.5,94.12974776
270,94.284815
270.5,94.43960216
271,94.59407768
271.5,94.74827364
272,94.90215909
272.5,95.05576553
273,95.20906256
273.5,95.36208115
274,95.51479144
274.5,95.66722387
275,95.81934913
275.5,95.9711971
276,96.12273902
276.5,96.27400428
277,96.42496459
277.5,96.57564885
278,96.72602928
278.5,96.87613431
279,97.02593662
279.5,97.17546417
280,97.32469011
280.5,97.47364196
281,97.6222933
281.5,97.77067123
282,97.91874977
282.5,98.06655557
283,98.21406309
283.5,98.36129857
284,98.50823687
284.5,98.65490385
285,98.80127474
285.5,98.94737503
286,99.09318033
286.5,99.23871576
287,99.3839573
287.5,99.52892971
288,99.67360931
288.5,99.81802054
289,99.96214006
289.5,100.1059919
290,100.2495532
290.5,100.3928476
291,100.5358525
291.5,100.6785913
292,100.8210416
292.5,100.9632267
293,101.1051243
293.5,101.2467575
294,101.3881043
294.5,101.5291874
295,101.6699853
295.5,101.8105203
296,101.9507711
296.5,102.0907598
297,102.2304654
297.5,102.3699097
298,102.5090721
298.5,102.6479738
299,102.7865947
299.5,102.9249559
300,103.0630372
300.5,103.2008596
301,103.3384032
301.5,103.4756888
302,103.6126966
302.5,103.7494472
303,103.8859212
303.5,104.0221387
304,104.1580806
304.5,104.2937669
305,104.4291787
305.5,104.5643357
306,104.6992192
306.5,104.8338488
307,104.9682059
307.5,105.10231
308,105.2361427
308.5,105.3697231
309,105.5030332
309.5,105.6360918
310,105.7688812
310.5,105.90142
311,106.0336905
311.5,106.1657113
312,106.2974649
312.5,106.4289696
313,106.5602081
313.5,106.6911986
314,106.8219238
314.5,106.952402
315,107.0826159
315.5,107.2125836
316,107.3422881
316.5,107.4717472
317,107.6009441
317.5,107.7298964
318,107.8585877
318.5,107.9870351
319,108.1152225
319.5,108.243167
320,108.3708524
320.5,108.4982957
321,108.625481
321.5,108.7524251
322,108.8791121
322.5,109.0055587
323,109.1317493
323.5,109.2577004
324,109.3833964
324.5,109.5088538
325,109.6340571
325.5,109.7590227
326,109.883735
326.5,110.0082106
327,110.1324339
327.5,110.2564213
328,110.3801574
328.5,110.5036584
329,110.6269091
329.5,110.7499256
330,110.8726928
330.5,110.9952266
331,111.1175121
331.5,111.239565
332,111.3613706
332.5,111.4829444
333,111.6042719
333.5,111.7253685
334,111.8462197
334.5,111.9668409
335,112.0872176
335.5,112.2073652
336,112.3272692
336.5,112.4469449
337,112.5663781
337.5,112.6855838
338,112.8045479
338.5,112.9232853
339,113.0417821
339.5,113.160053
340,113.2780843
340.5,113.3958906
341,113.5134581
341.5,113.6308015
342,113.747907
342.5,113.8647892
343,113.9814346
343.5,114.0978574
344,114.2140443
344.5,114.3300096
345,114.4457398
345.5,114.5612492
346,114.6765245
346.5,114.7915798
347,114.9064018
347.5,115.0210048
348,115.1353754
348.5,115.2495277
349,115.3634486
349.5,115.477152
350,115.590625
350.5,115.7038812
351,115.8169079
351.5,115.9297187
352,116.0423009
352.5,116.154668
353,116.2668073
353.5,116.3787324
354,116.4904306
354.5,116.6019154
355,116.7131742
355.5,116.8242204
356,116.9350415
356.5,117.0456508
357,117.1560358
357.5,117.2662099
358,117.3761606
358.5,117.4859012
359,117.5954193
359.5,117.704728
360,117.8138151
360.5,117.9226937
361,118.0313514
361.5,118.1398015
362,118.2480316
362.5,118.3560548
363,118.463859
363.5,118.571457
364,118.6788369
364.5,118.7860114
365,118.8929685
365.5,118.9997211
366,119.1062572
366.5,119.2125896
367,119.3187063
367.5,119.4246201
368,119.530319
368.5,119.6358158
369,119.7410986
369.5,119.84618
370,119.9510483
370.5,120.0557159
371,120.1601713
371.5,120.2644268
372,120.3684709
372.5,120.4723159
373,120.5759503
373.5,120.6793863
374,120.7826126
374.5,120.8856414
375,120.9884612
375.5,121.0910841
376,121.193499
376.5,121.2957178
377,121.3977294
377.5,121.4995456
378,121.6011554
378.5,121.7025706
379,121.8037802
379.5,121.9047959
380,122.0056069
380.5,122.1062248
381,122.2066386
381.5,122.3068602
382,122.4068785
382.5,122.5067053
383,122.6063297
383.5,122.7057633
384,122.8049952
384.5,122.904037
385,123.0028781
385.5,123.1015298
386,123.1999814
386.5,123.2982445
387,123.3963083
387.5,123.4941842
388,123.5918617
388.5,123.689352
389,123.7866447
389.5,123.8837509
390,123.9806603
390.5,124.077384
391,124.1739115
391.5,124.2702541
392,124.3664013
392.5,124.4623643
393,124.5581327
393.5,124.6537176
394,124.7491086
394.5,124.8443169
395,124.9393321
395.5,125.0341652
396,125.128806
396.5,125.2232655
397,125.3175333
397.5,125.4116206
398,125.505517
398.5,125.5992335
399,125.6927599
399.5,125.7861071
400,125.879265
400.5,125.9722444
401,126.0650352
401.5,126.1576481
402,126.2500732
402.5,126.3423212
403,126.4343821
403.5,126.5262666
404,126.6179647
404.5,126.709487
405,126.8008238
405.5,126.8919854
406,126.9829622
406.5,127.0737646
407,127.1643829
407.5,127.2548274
408,127.3450885
408.5,127.4351767
409,127.525082
409.5,127.6148151
410,127.7043662
410.5,127.7937456
411,127.8829437
411.5,127.9719708
412,128.0608174
412.5,128.1494937
413,128.2379901
413.5,128.3263168
414,128.4144644
414.5,128.5024431
415,128.5902433
415.5,128.6778752
416,128.7653293
416.5,128.8526158
417,128.9397252
417.5,129.0266677
418,129.1134338
418.5,129.2000335
419,129.2864576
419.5,129.3727161
420,129.4587995
420.5,129.544718
421,129.6304621
421.5,129.7160419
422,129.8014481
422.5,129.8866906
423,129.9717601
423.5,130.0566666
424,130.1414008
424.5,130.2259726
425,130.3103728
425.5,130.3946113
426,130.4786788
426.5,130.5625852
427,130.6463214
427.5,130.729897
428,130.8133031
428.5,130.8965493
429,130.9796266
429.5,131.0625447
430,131.1452945
430.5,131.2278857
431,131.3103094
431.5,131.392575
432,131.4746738
432.5,131.5566152
433,131.6383903
433.5,131.7200086
434,131.8014614
434.5,131.882758
435,131.9638897
435.5,132.0448659
436,132.1256777
436.5,132.2063347
437,132.286828
437.5,132.367167
438,132.447343
438.5,132.5273653
439,132.6072252
439.5,132.686932
440,132.7664772
440.5,132.8458698
441,132.9251014
441.5,133.004181
442,133.0831002
442.5,133.1618681
443,133.2404763
443.5,133.3189336
444,133.3972319
444.5,133.47538
445,133.5533696
445.5,133.6312096
446,133.7088917
446.5,133.7864249
447,133.8638008
447.5,133.9410283
448,134.0180991
448.5,134.0950222
449,134.1717892
449.5,134.248409
450,134.3248734
450.5,134.4011912
451,134.4773542
451.5,134.5533711
452,134.6292338
452.5,134.704951
453,134.7805146
453.5,134.8559334
454,134.9311991
454.5,135.0063205
455,135.0812895
455.5,135.1561148
456,135.2307882
456.5,135.3053185
457,135.3796976
457.5,135.453934
458,135.5280199
458.5,135.6019637
459,135.6757575
459.5,135.7494097
460,135.8229126
460.5,135.8962745
461,135.9694876
461.5,136.0425603
462,136.1154848
462.5,136.1882694
463,136.2609063
463.5,136.333404
464,136.4057546
464.5,136.4779665
465,136.5500318
465.5,136.621959
466,136.6937402
466.5,136.7653838
467,136.8368821
467.5,136.9082433
468,136.9794597
468.5,137.0505395
469,137.1214751
469.5,137.1922747
470,137.2629307
470.5,137.3334511
471,137.4038285
471.5,137.474071
472,137.5441709
472.5,137.6141365
473,137.6839601
473.5,137.7536497
474,137.8231981
474.5,137.892613
475,137.9618871
475.5,138.0310284
476,138.1000294
476.5,138.1688981
477,138.237627
477.5,138.3062242
478,138.3746822
478.5,138.443009
479,138.5111971
479.5,138.5792544
480,138.6471737
480.5,138.7149627
481,138.7826143
481.5,138.850136
482,138.9175208
482.5,138.9847764
483,139.0518956
483.5,139.118886
484,139.1857405
484.5,139.2524668
485,139.3190577
485.5,139.385521
486,139.4518494
486.5,139.5180506
487,139.5841175
487.5,139.6500577
488,139.7158641
488.5,139.7815444
489,139.8470914
489.5,139.9125127
490,139.9778012
490.5,140.0429646
491,140.1079958
491.5,140.1729022
492,140.237677
492.5,140.3023276
493,140.366847
493.5,140.4312426
494,140.4955077
494.5,140.5596495
495,140.6236611
495.5,140.68755
496,140.7513093
496.5,140.8149464
497,140.8784543
497.5,140.9418404
498,141.0050979
498.5,141.0682342
499,141.1312423
499.5,141.1941296
500,141.2568893
500.5,141.3195287
501,141.382041
501.5,141.4444334
502,141.5066993
502.5,141.5688457
503,141.630866
503.5,141.6927674
504,141.7545433
504.5,141.8162006
505,141.8777329
505.5,141.9391471
506,142.0004368
506.5,142.061609
507,142.122657
507.5,142.183588
508,142.2443953
508.5,142.305086
509,142.3656537
509.5,142.4261051
510,142.4864339
510.5,142.546647
511,142.606738
511.5,142.6667137
512,142.7265678
512.5,142.7863071
513,142.8459251
513.5,142.9054289
514,142.9648119
514.5,143.024081
515,143.0832299
515.5,143.1422654
516,143.2011811
516.5,143.2599838
517,143.3186672
517.5,143.3772381
518,143.4356901
518.5,143.4940301
519,143.5522517
519.5,143.6103616
520,143.6683537
520.5,143.7262345
521,143.783998
521.5,143.8416506
522,143.8991863
522.5,143.9566116
523,144.0139204
523.5,144.0711194
524,144.1282023
524.5,144.1851757
525,144.2420335
525.5,144.2987823
526,144.355416
526.5,144.411941
527,144.4683514
527.5,144.5246536
528,144.5808416
528.5,144.6369218
529,144.6928882
529.5,144.7487474
530,144.8044932
530.5,144.860132
531,144.9156581
531.5,144.9710776
532,145.0263847
532.5,145.0815857
533,145.1366747
533.5,145.1916581
534,145.24653
534.5,145.3012966
535,145.3559521
535.5,145.4105028
536,145.4649428
536.5,145.5192784
537,145.5735038
537.5,145.6276252
538,145.6816368
538.5,145.7355448
539,145.7893434
539.5,145.8430389
540,145.8966254
540.5,145.9501092
541,146.0034844
541.5,146.0567573
542,146.1099222
542.5,146.162985
543,146.2159403
543.5,146.2687939
544,146.3215403
544.5,146.3741856
545,146.4267241
545.5,146.4791618
546,146.5314931
546.5,146.5837241
547,146.6358491
547.5,146.6878742
548,146.7397937
548.5,146.7916136
549,146.8433284
549.5,146.894944
550,146.9464549
550.5,146.9978671
551,147.0491749
551.5,147.1003843
552,147.1514898
552.5,147.2024974
553,147.2534014
553.5,147.3042078
554,147.3549112
554.5,147.4055173
555,147.4560207
555.5,147.5064273
556,147.5567316
556.5,147.6069395
557,147.6570455
557.5,147.7070554
558,147.7569638
558.5,147.8067766
559,147.8564882
559.5,147.9061046
560,147.9556203
560.5,148.005041
561,148.0543614
561.5,148.1035873
562,148.1527133
562.5,148.2017451
563,148.2506774
563.5,148.2995159
564,148.3482553
564.5,148.3969012
565,148.4454484
565.5,148.4939026
566,148.5422584
566.5,148.5905215
567,148.6386867
567.5,148.6867595
568,148.7347347
568.5,148.782618
569,148.8304042
569.5,148.8780986
570,148.9256964
570.5,148.9732028
571,149.0206129
571.5,149.067932
572,149.1151552
572.5,149.1622878
573,149.2093247
573.5,149.2562715
574,149.303123
574.5,149.3498846
575,149.3965514
575.5,149.4431287
576,149.4896115
576.5,149.5360052
577,149.5823047
577.5,149.6285155
578,149.6746325
578.5,149.720661
579,149.7665962
579.5,149.8124433
580,149.8581974
580.5,149.9038637
581,149.9494374
581.5,149.9949236
582,150.0403176
582.5,150.0856246
583,150.1308396
583.5,150.1759679
584,150.2210047
584.5,150.265955
585,150.3108142
585.5,150.3555874
586,150.4002697
586.5,150.4448664
587,150.4893725
587.5,150.5337933
588,150.578124
588.5,150.6223697
589,150.6665256
589.5,150.7105968
590,150.7545786
590.5,150.7984761
591,150.8422845
591.5,150.8860089
592,150.9296446
592.5,150.9731966
593,151.0166603
593.5,151.0600406
594,151.1033329
594.5,151.1465421
595,151.1896637
595.5,151.2327026
596,151.2756542
596.5,151.3185235
597,151.3613057
597.5,151.4040059
598,151.4466195
598.5,151.4891513
599,151.5315969
599.5,151.5739611
600,151.6162393
600.5,151.6584364
601,151.7005479
601.5,151.7425787
602,151.7845242
602.5,151.8263892
603,151.8681694
603.5,151.9098694
604,151.9514848
604.5,151.9930203
605,152.0344717
605.5,152.0758435
606,152.1171314
606.5,152.1583401
607,152.1994652
607.5,152.2405114
608,152.2814744
608.5,152.3223588
609,152.3631603
609.5,152.4038835
610,152.4445241
610.5,152.4850868
611,152.5255671
611.5,152.5659699
612,152.6062906
612.5,152.6465341
613,152.6866959
613.5,152.7267807
614,152.7667841
614.5,152.8067108
615,152.8465566
615.5,152.8863259
616,152.9260145
616.5,152.9656271
617,153.0051592
617.5,153.0446156
618,153.0839919
618.5,153.1232926
619,153.1625137
619.5,153.2016595
620,153.2407259
620.5,153.2797174
621,153.3186298
621.5,153.3574676
622,153.3962266
622.5,153.4349112
623,153.4735174
623.5,153.5120495
624,153.5505034
624.5,153.5888836
625,153.627186
625.5,153.6654149
626,153.7035662
626.5,153.7416443
627,153.7796453
627.5,153.8175733
628,153.8554244
628.5,153.8932029
629,153.9309047
629.5,153.9685343
630,154.0060875
630.5,154.0435687
631,154.0809738
631.5,154.1183072
632,154.1555649
632.5,154.1927511
633,154.2298619
633.5,154.2669015
634,154.303866
634.5,154.3407595
635,154.3775782
635.5,154.4143264
636,154.4509999
636.5,154.4876032
637,154.5241321
637.5,154.560591
638,154.596976
638.5,154.6332912
639,154.6695327
639.5,154.7057047
640,154.7418033
640.5,154.7778326
641,154.8137889
641.5,154.8496763
642,154.8854908
642.5,154.9212366
643,154.9569099
643.5,154.9925148
644,155.0280475
644.5,155.063512
645,155.0989046
645.5,155.1342293
646,155.1694824
646.5,155.2046678
647,155.2397818
647.5,155.2748285
648,155.3098041
648.5,155.3447127
649,155.3795504
649.5,155.4143213
650,155.4490216
650.5,155.4836554
651,155.518219
651.5,155.5527162
652,155.5871435
652.5,155.6215048
653,155.6557963
653.5,155.6900221
654,155.7241784
654.5,155.7582692
655,155.7922909
655.5,155.8262473
656,155.8601349
656.5,155.8939574
657,155.9277114
657.5,155.9614006
658,155.9950214
658.5,156.0285778
659,156.0620661
659.5,156.0954901
660,156.1288464
660.5,156.1621387
661,156.1953634
661.5,156.2285245
662,156.2616182
662.5,156.2946485
663,156.3276118
663.5,156.3605119
664,156.3933452
664.5,156.4261155
665,156.4588194
665.5,156.4914605
666,156.5240355
666.5,156.5565479
667,156.5889944
667.5,156.6213787
668,156.6536973
668.5,156.6859539
669,156.718145
669.5,156.7502744
670,156.7823386
670.5,156.8143414
671,156.8462792
671.5,156.8781558
672,156.9099677
672.5,156.9417185
673,156.973405
673.5,157.0050307
674,157.0365923
674.5,157.0680933
675,157.0995304
675.5,157.1309072
676,157.1622203
676.5,157.1934735
677,157.2246632
677.5,157.255793
678,157.2868598
678.5,157.3178669
679,157.3488112
679.5,157.3796961
680,157.4105183
680.5,157.4412815
681,157.4719822
681.5,157.502624
682,157.5332037
682.5,157.5637248
683,157.5941839
683.5,157.6245846
684,157.6549236
684.5,157.6852044
685,157.7154239
685.5,157.7455853
686,157.7756856
686.5,157.8057281
687,157.8357097
687.5,157.8656338
688,157.8954972
688.5,157.9253033
689,157.955049
689.5,157.9847375
690,158.0143659
690.5,158.0439375
691,158.073449
691.5,158.102904
692,158.1322992
692.5,158.161638
693,158.1909173
693.5,158.2201405
694,158.2493043
694.5,158.2784123
695,158.3074611
695.5,158.3364543
696,158.3653887
696.5,158.3942675
697,158.4230878
697.5,158.4518528
698,158.4805595
698.5,158.5092111
699,158.5378045
699.5,158.5663432
700,158.5948239
700.5,158.62325
701,158.6516185
701.5,158.6799325
702,158.7081891
702.5,158.7363915
703,158.7645367
703.5,158.7926279
704,158.8206621
704.5,158.8486426
705,158.8765663
705.5,158.9044364
706,158.93225
706.5,158.9600103
707,158.9877142
707.5,159.015365
708,159.0429598
708.5,159.0705016
709,159.0979875
709.5,159.1254207
710,159.1527982
710.5,159.1801233
711,159.2073929
711.5,159.2346102
712,159.2617723
712.5,159.2888823
713,159.3159373
713.5,159.3429404
714,159.3698888
714.5,159.3967854
715,159.4236275
715.5,159.4504181
716,159.4771544
716.5,159.5038394
717,159.5304703
717.5,159.55705
718,159.5835759
718.5,159.6100509
719,159.6364721
719.5,159.6628427
720,159.6891598
720.5,159.7154265
721,159.7416398
721.5,159.7678029
722,159.7939129
722.5,159.8199728
723,159.8459799
723.5,159.871937
724,159.8978415
724.5,159.9236964
725,159.9494988
725.5,159.9752517
726,160.0009523
726.5,160.0266037
727,160.052203
727.5,160.0777532
728,160.1032516
728.5,160.1287011
729,160.154099
729.5,160.1794481
730,160.2047459
730.5,160.2299951
731,160.2551931
731.5,160.2803427
732,160.3054414
732.5,160.3304919
733,160.3554916
733.5,160.3804433
734,160.4053444
734.5,160.4301978
735,160.4550007
735.5,160.4797561
736,160.5044613
736.5,160.529119
737,160.5537268
737.5,160.5782873
738,160.6027981
738.5,160.6272618
739,160.6516759
739.5,160.6760432
740,160.700361
740.5,160.7246322
741,160.7488542
741.5,160.7730297
742,160.7971561
742.5,160.8212363
743,160.8452677
743.5,160.8692529
744,160.8931895
744.5,160.9170802
745,160.9409224
745.5,160.9647189
746,160.9884672
746.5,161.0121698
747,161.0358244
747.5,161.0594336
748,161.082995
748.5,161.1065111
749,161.1299795
749.5,161.153403
750,161.1767789
750.5,161.2001099
751,161.2233937
751.5,161.2466328
752,161.2698247
752.5,161.2929722
753,161.3160727
753.5,161.3391289
754,161.3621383
754.5,161.3851036
755,161.4080223
755.5,161.4308971
756,161.4537254
756.5,161.47651
757,161.4992483
757.5,161.5219431
758,161.5445918
758.5,161.567197
759,161.5897564
759.5,161.6122725
760,161.634743
760.5,161.6571704
761,161.6795522
761.5,161.7018912
762,161.7241848
762.5,161.7464356
763,161.7686414
763.5,161.7908045
764,161.8129227
764.5,161.8349984
765,161.8570294
765.5,161.8790181
766,161.9009622
766.5,161.9228642
767,161.9447218
767.5,161.9665375
768,161.9883089
768.5,162.0100386
769,162.0317242
769.5,162.0533681
770,162.0749682
770.5,162.0965269
771,162.118042
771.5,162.1395159
772,162.1609467
772.5,162.1823369
773,162.2036846
773.5,162.2249926
774,162.2462597
774.5,162.2674884
775,162.2886783
775.5,162.3098321
776,162.3309502
776.5,162.3520356
777,162.3730896
777.5,162.3941153
778,162.4151152
778.5,162.4360928
779,162.4570515
779.5,162.4779953
780,162.4989286
780.5,162.5198561
781,162.5407829
781.5,162.5617144
782,162.5826567
782.5,162.6036158
783,162.6245984
783.5,162.6456115
784,162.6666624
784.5,162.6877588
785,162.7089084
785.5,162.7301201
786,162.7514015
786.5,162.7727627
787,162.7942112
787.5,162.8157585
788,162.8374116
788.5,162.8591834
789,162.8810804
789.5,162.9031167
790,162.9252983
790.5,162.9476405
791,162.9701487
791.5,162.9928389
792,163.0157161
792.5,163.0387968
793,163.0620856
793.5,163.0855987
794,163.1093412
794.5,163.1333276
795,163.1575645
795.5,163.1820633
796,163.2068337
796.5,163.231882
797,163.2572224
797.5,163.2828545
798,163.3087989
798.5,163.3350459
799,163.361625
799.5,163.3885148
800,163.4157559
800.5,163.4433129
801,163.4712398
801.5,163.4994848
802,163.5281176
802.5,163.5570678
803,163.586423
803.5,163.6160921
804,163.6461828
804.5,163.676581
805,163.7074167
805.5,163.738551
806,163.7701381
806.5,163.8020124
807,163.8343539
807.5,163.8669693
808,163.9000656
808.5,163.9334203
809,163.9672692
809.5,164.0013591
810,164.0359558
810.5,164.0707745
811,164.106112
811.5,164.1416512
812,164.1777205
812.5,164.2139701
813,164.2507604
813.5,164.2877085
814,164.3252076
814.5,164.3628411
815,164.4010352
815.5,164.4393397
816,164.478214
816.5,164.517174
817,164.5567125
817.5,164.5963118
818,164.6364977
818.5,164.6767193
819,164.7175351
819.5,164.7583611
820,164.7997888
820.5,164.8412012
821,164.8832222
821.5,164.9252025
822,164.9677978
822.5,165.0103272
823,165.0534777
823.5,165.0965372
824,165.1402236
824.5,165.1837942
825,165.2279971
825.5,165.2720597
826,165.3167597
826.5,165.3612953
827,165.406473
827.5,165.4514626
828,165.4970988
828.5,165.5425236
829,165.5885993
829.5,165.6344408
830,165.680937
830.5,165.7271768
831,165.774075
831.5,165.8206949
832,165.8679767
832.5,165.9149591
833,165.9626065
833.5,166.0099338
834,166.057929
834.5,166.1055841
835,166.1539099
835.5,166.201876
836,166.2505152
836.5,166.2987759
837,166.347712
837.5,166.3962513
838,166.4454681
838.5,166.4942702
839,166.5437518
839.5,166.5928016
840,166.6425325
840.5,166.6918151
841,166.7417804
841.5,166.7912812
842,166.8414663
842.5,166.8911714
843,166.9415619
843.5,166.9914575
844,167.0420397
844.5,167.0921127
845,167.1428731
845.5,167.1931105
846,167.2440361
846.5,167.2944254
847,167.3455037
847.5,167.3960328
848,167.4472514
848.5,167.4979086
849,167.5492557
849.5,167.6000296
850,167.6514938
850.5,167.7023734
851,167.7539436
851.5,167.8049182
852,167.8565836
852.5,167.907643
853,167.9593932
853.5,168.0105275
854,168.0623524
854.5,168.1135519
855,168.1654419
855.5,168.2166975
856,168.2686431
856.5,168.3199457
857,168.371938
857.5,168.4232789
858,168.4753092
858.5,168.5266801
859,168.5787399
859.5,168.6301328
860,168.6822139
860.5,168.733621
861,168.7857157
861.5,168.8371296
862,168.8892303
862.5,168.9406437
863,168.9927431
863.5,169.0441491
864,169.0962402
864.5,169.1476321
865,169.1997082
865.5,169.2510796
866,169.3031342
866.5,169.3544788
867,169.4065056
867.5,169.4578175
868,169.5098106
868.5,169.5610841
869,169.6130375
869.5,169.6642671
870,169.7161754
870.5,169.7673557
871,169.8192135
871.5,169.8703394
872,169.9221416
872.5,169.9732083
873,170.0249498
873.5,170.0759526
874,170.1276288
874.5,170.1785631
875,170.2301694
875.5,170.2810309
876,170.3325629
876.5,170.3833474
877,170.434801
877.5,170.4855045
878,170.5368756
878.5,170.5874943
879,170.638779
879.5,170.6893092
880,170.7405039
880.5,170.7909421
881,170.8420431
881.5,170.8923859
882,170.9433899
882.5,170.9936341
883,171.0445378
883.5,171.0946803
884,171.1454806
884.5,171.1955184
885,171.2462122
885.5,171.2961426
886,171.3467271
886.5,171.3965472
887,171.4470198
887.5,171.4967271
888,171.547085
888.5,171.596677
889,171.6469179
889.5,171.6963922
890,171.7465135
890.5,171.7958679
891,171.8458675
891.5,171.8950998
892,171.9449754
892.5,171.9940836
893,172.0438332
893.5,172.0928153
894,172.1424369
894.5,172.191291
895,172.2407827
895.5,172.2895071
896,172.3388671
896.5,172.3874601
897,172.4366868
897.5,172.4851467
898,172.5342383
898.5,172.5825637
899,172.6315189
899.5,172.6797082
900,172.7285254
900.5,172.7765773
901,172.8252551
901.5,172.8731684
902,172.9217055
902.5,172.9694788
903,173.017874
903.5,173.0655063
904,173.1137583
904.5,173.1612484
905,173.2093563
905.5,173.2567031
906,173.3046657
906.5,173.3518684
907,173.3996848
907.5,173.4467423
908,173.4944115
908.5,173.541323
909,173.5888442
909.5,173.6356089
910,173.6829812
910.5,173.7295984
911,173.7768211
911.5,173.82329
912,173.8703624
912.5,173.9166824
913,173.9636038
913.5,174.0097742
914,174.056544
914.5,174.1025643
915,174.1491819
915.5,174.1950515
916,174.2415164
916.5,174.2872349
917,174.3335466
917.5,174.3791135
918,174.4252715
918.5,174.4706865
919,174.5166905
919.5,174.5619531
920,174.6078026
920.5,174.6529125
921,174.6986072
921.5,174.7435642
922,174.7891038
922.5,174.8339075
923,174.8792919
923.5,174.9239422
924,174.9691712
924.5,175.0136685
925,175.0587426
925.5,175.1030877
926,175.1480079
926.5,175.1922029
927,175.2369715
927.5,175.2810196
928,175.3256406
928.5,175.3695471
929,175.4140261
929.5,175.4577984
930,175.5021438
930.5,175.5457919
931,175.5900142
931.5,175.633551
932,175.6776639
932.5,175.7211048
933,175.7651249
933.5,175.8084887
934,175.8524355
934.5,175.8957438
935,175.9396398
935.5,175.9829171
936,176.0267877
936.5,176.0700613
937,176.1139347
937.5,176.1572345
938,176.2011413
938.5,176.2444998
939,176.2884731
939.5,176.3319248
940,176.3759998
940.5,176.4195811
941,176.463795
941.5,176.5075443
942,176.5519358
942.5,176.5958927
943,176.6405019
943.5,176.6847075
944,176.7295758
944.5,176.774072
945,176.8192416
945.5,176.8640713
946,176.9095853
946.5,176.9547918
947,177.0006936
947.5,177.0463207
948,177.0926542
948.5,177.1387457
949,177.1855548
949.5,177.2321546
950,177.2794826
950.5,177.326634
951,177.3745234
951.5,177.4222687
952,177.4707607
952.5,177.5191407
953,177.5682746
953.5,177.6173281
954,177.6671404
954.5,177.7169037
955,177.7674284
955.5,177.8179347
956,177.8692023
956.5,177.9204816
957,177.9725191
957.5,178.0245977
958,178.0774283
958.5,178.1303288
959,178.183972
959.5,178.237713
960,178.2921842
960.5,178.3467806
961,178.4020916
961.5,178.4575543
962,178.513713
962.5,178.5700494
963,178.6270603
963.5,178.6842739
964,178.7421382
964.5,178.8002295
965,178.8589451
965.5,178.9179112
966,178.9774732
966.5,179.0373085
967,179.0977093
967.5,179.1584053
968,179.2196348
968.5,179.2811809
969,179.3432269
969.5,179.40561
970,179.4684584
970.5,179.5316636
971,179.5952985
971.5,179.6593093
972,179.7237132
972.5,179.7885114
973,179.8536657
973.5,179.919232
974,179.9851168
974.5,180.0514307
975,180.1180253
975.5,180.1850653
976,180.2523482
976.5,180.3200924
977,180.3880414
977.5,180.4564668
978,180.5250594
978.5,180.5941429
979,180.6633561
979.5,180.7330741
980,180.8028847
980.5,180.8732134
981,180.9435981
981.5,181.0145137
982,181.085449
982.5,181.1569275
983,181.2283901
983.5,181.3004078
984,181.3723744
984.5,181.4449074
985,181.517355
985.5,181.5903797
986,181.6632856
986.5,181.7367787
987,181.8101201
987.5,181.8840586
988,181.9578134
988.5,182.0321746
989,182.1063208
989.5,182.1810824
990,182.2555985
990.5,182.3307386
991,182.4056035
991.5,182.4811005
992,182.5562937
992.5,182.6321266
993,182.7076277
993.5,182.7837759
994,182.8595652
994.5,182.9360086
995,183.0120668
995.5,183.0887858
996,183.1650941
996.5,183.2420695
997,183.3186097
997.5,183.3958229
998,183.4725771
998.5,183.55001
999,183.6269609
999.5,183.7045958
1000,183.7817266
1000.5,183.8595464
1001,183.9368407
1001.5,184.0148288
1002,184.0922708
1002.5,184.1704111
1003,184.2479854
1003.5,184.3262622
1004,184.4039539
1004.5,184.482352
1005,184.5601468
1005.5,184.6386516
1006,184.7165354
1006.5,184.7951327
1007,184.873092
1007.5,184.9517681
1008,185.0297899
1008.5,185.1085313
1009,185.1866029
1009.5,185.265397
1010,185.3435063
1010.5,185.4223406
1011,185.5004756
1011.5,185.5793382
1012,185.6574877
1012.5,185.7363669
1013,185.8145199
1013.5,185.8934046
1014,185.9715505
1014.5,186.0504299
1015,186.1285585
1015.5,186.2074222
1016,186.2855236
1016.5,186.3643617
1017,186.4424265
1017.5,186.5212292
1018,186.5992482
1018.5,186.6780064
1019,186.7559708
1019.5,186.8346754
1020,186.9125768
1020.5,186.9912193
1021,187.0690494
1021.5,187.1476214
1022,187.2253726
1022.5,187.3038662
1023,187.3815308
1023.5,187.4599383
1024,187.537509
1024.5,187.6158231
1025,187.693293
1025.5,187.7715065
1026,187.848869
1026.5,187.9269752
1027,188.0042238
1027.5,188.0822161
1028,188.1593445
1028.5,188.2372167
1029,188.3142192
1029.5,188.3919652
1030,188.468836
1030.5,188.54645
1031,188.6231836
1031.5,188.7006602
1032,188.7772515
1032.5,188.8545852
1033,188.9310291
1033.5,189.0082149
1034,189.0845067
1034.5,189.1615397
1035,189.2376747
1035.5,189.3145503
1036,189.3905241
1036.5,189.4672378
1037,189.5430462
1037.5,189.6195936
1038,189.6952327
1038.5,189.7716098
1039,189.8470756
1039.5,189.9232785
1040,189.9985674
1040.5,190.0745924
1041,190.1497008
1041.5,190.2255442
1042,190.3004688
1042.5,190.3761273
1043,190.4508649
1043.5,190.5263352
1044,190.6008828
1044.5,190.6761617
1045,190.7505164
1045.5,190.825601
1046,190.89976
1046.5,190.9746475
1047,191.0486081
1047.5,191.1232959
1048,191.1970556
1048.5,191.2715411
1049,191.3450975
1049.5,191.4193783
1050,191.4927292
1050.5,191.5668029
1051,191.6399462
1051.5,191.7138106
1052,191.7867442
1052.5,191.8603972
1053,191.9331192
1053.5,192.006559
1054,192.0790675
1054.5,192.1522922
1055,192.2245856
1055.5,192.2975933
1056,192.3696699
1056.5,192.442459
1057,192.5143173
1057.5,192.5868863
1058,192.6585247
1058.5,192.7308722
1059,192.8022895
1059.5,192.8744139
1060,192.9456088
1060.5,193.017509
1061,193.0884802
1061.5,193.1601549
1062,193.2309014
1062.5,193.3023494
1063,193.3728701
1063.5,193.4440904
1064,193.5143843
1064.5,193.5853759
1065,193.6554422
1065.5,193.7262041
1066,193.7960419
1066.5,193.8665733
1067,193.9361818
1067.5,194.0064819
1068,194.0758605
1068.5,194.1459285
1069,194.2150765
1069.5,194.2849118
1070,194.3538285
1070.5,194.4234306
1071,194.4921155
1071.5,194.5614837
1072,194.6299364
1072.5,194.6990702
1073,194.7672902
1073.5,194.8361892
1074,194.9041761
1074.5,194.97284
1075,195.0405934
1075.5,195.1090217
1076,195.1765414
1076.5,195.2447338
1077,195.3120196
1077.5,195.3799759
1078,195.4470275
1078.5,195.5147474
1079,195.5815646
1079.5,195.6490481
1080,195.7156308
1080.5,195.7828776
1081,195.8492258
1081.5,195.9162358
1082,195.9823494
1082.5,196.0491226
1083,196.1150015
1083.5,196.1815378
1084,196.2471821
1084.5,196.3134816
1085,196.3788913
1085.5,196.4449541
1086,196.5101292
1086.5,196.5759552
1087,196.640896
1087.5,196.7064853
1088,196.7711918
1088.5,196.8365447
1089,196.901017
1089.5,196.9661336
1090,197.030372
1090.5,197.0952524
1091,197.1592571
1091.5,197.2239015
1092,197.2876727
1092.5,197.3520814
1093,197.4156194
1093.5,197.4797926
1094,197.5430977
1094.5,197.6070357
1095,197.6701081
1095.5,197.7338113
1096,197.7966514
1096.5,197.86012
1097,197.9227281
1097.5,197.9859625
1098,198.048339
1098.5,198.1113395
1099,198.1734848
1099.5,198.2362518
1100,198.2981662
1100.5,198.3607002
1101,198.4223842
1101.5,198.4846855
1102,198.5461395
1102.5,198.6082086
1103,198.669433
1103.5,198.7312705
1104,198.7922661
1104.5,198.8538729
1105,198.9146405
1105.5,198.9760182
1106,199.0365594
1106.5,199.0977104
1107,199.1580278
1107.5,199.2189557
1108,199.2790532
1108.5,199.3397635
1109,199.3996466
1109.5,199.4601465
1110,199.5198226
1110.5,199.5801216
1111,199.6396004
1111.5,199.6997102
1112,199.7590037
1112.5,199.8189387
1113,199.8780615
1113.5,199.9378384
1114,199.9968075
1114.5,200.0564456
1115,200.1152805
1115.5,200.1748017
1116,200.2335244
1116.5,200.2929525
1117,200.3515873
1117.5,200.4109486
1118,200.4695219
1118.5,200.5288447
1119,200.5873849
1119.5,200.6466992
1120,200.7052365
1120.5,200.7645739
1121,200.8231401
1121.5,200.8825337
1122,200.941162
1122.5,201.000646
1123,201.0593708
1123.5,201.1189805
1124,201.1778371
1124.5,201.2376086
1125,201.2966332
1125.5,201.3566031
1126,201.4158323
1126.5,201.4760378
1127,201.535509
1127.5,201.5959875
1128,201.655738
1128.5,201.716527
1129,201.7765942
1129.5,201.837731
1130,201.8981521
1130.5,201.9596736
1131,202.0204847
1131.5,202.0824268
1132,202.1436632
1132.5,202.2060604
1133,202.2677556
1133.5,202.3306405
1134,202.3928259
1134.5,202.4562292
1135,202.5189337
1135.5,202.5828832
1136,202.646133
1136.5,202.7106539
1137,202.7744721
1137.5,202.8395863
1138,202.903993
1138.5,202.9697192
1139,203.0347312
1139.5,203.101085
1140,203.1667157
1140.5,203.2337092
1141,203.299969
1141.5,203.3676112
1142,203.4345071
1142.5,203.502804
1143,203.5703403
1143.5,203.6392948
1144,203.7074726
1144.5,203.7770848
1145,203.8459029
1145.5,203.9161704
1146,203.985625
1146.5,204.0565428
1147,204.1266278
1147.5,204.1981888
1148,204.2688961
1148.5,204.3410912
1149,204.4124109
1149.5,204.4852292
1150,204.5571497
1150.5,204.6305787
1151,204.7030869
1151.5,204.7771127
1152,204.8501942
1152.5,204.9248017
1153,204.9984412
1153.5,205.0736141
1154,205.1477951
1154.5,205.2235164
1155,205.2982218
1155.5,205.3744736
1156,205.4496856
1156.5,205.5264495
1157,205.6021498
1157.5,205.6794068
1158,205.7555765
1158.5,205.8333073
1159,205.9099275
1159.5,205.9881126
1160,206.065164
1160.5,206.1437836
1161,206.2212469
1161.5,206.3002811
1162,206.3781368
1162.5,206.4575658
1163,206.5357945
1163.5,206.6155986
1164,206.694181
1164.5,206.7743405
1165,206.8532575
1165.5,206.9337527
1166,207.0129854
1166.5,207.0937971
1167,207.1733267
1167.5,207.2544359
1168,207.3342438
1168.5,207.4156317
1169,207.4956999
1169.5,207.577348
1170,207.6576586
1170.5,207.7395489
1171,207.8200844
1171.5,207.9021989
1172,207.9829422
1172.5,208.0652638
1173,208.1461981
1173.5,208.2287096
1174,208.3098185
1174.5,208.3925035
1175,208.473771
1175.5,208.5566132
1176,208.6380239
1176.5,208.7210075
1177,208.8025461
1177.5,208.8856559
1178,208.9673077
1178.5,209.0505287
1179,209.1322794
1179.5,209.2155971
1180,209.2974328
1180.5,209.3808332
1181,209.4627403
1181.5,209.5462096
1182,209.6281751
1182.5,209.7117002
1183,209.7937113
1183.5,209.8772794
1184,209.9593239
1184.5,210.0429226
1185,210.1249885
1185.5,210.2086057
1186,210.2906816
1186.5,210.3743056
1187,210.4563803
1187.5,210.5400001
1188,210.6220629
1188.5,210.7056674
1189,210.7877079
1189.5,210.8712868
1190,210.9532949
1190.5,211.036838
1191,211.1188041
1191.5,211.2023016
1192,211.2842164
1192.5,211.3676589
1193,211.4495133
1193.5,211.5328918
1194,211.6146772
1194.5,211.6979829
1195,211.7796909
1195.5,211.8629154
1196,211.944538
1196.5,212.0276731
1197,212.1092025
1197.5,212.1922405
1198,212.2736692
1198.5,212.3566026
1199,212.4379235
1199.5,212.520745
1200,212.6019512
1200.5,212.6846539
1201,212.7657388
1201.5,212.8483159
1202,212.9292732
1202.5,213.0117184
1203,213.0925418
1203.5,213.174849
1204,213.2555327
1204.5,213.3376959
1205,213.4182344
1205.5,213.5002479
1206,213.5806357
1206.5,213.6624942
1207,213.742726
1207.5,213.8244242
1208,213.9044952
1208.5,213.9860281
1209,214.0659335
1209.5,214.1472962
1210,214.2270315
1210.5,214.3082196
1211,214.3877803
1211.5,214.4687894
1212,214.5481714
1212.5,214.6289972
1213,214.7081966
1213.5,214.7888351
1214,214.867848
1214.5,214.9482954
1215,215.0271181
1215.5,215.1073708
1216,215.1859999
1216.5,215.2660544
1217,215.3444865
1217.5,215.4243394
1218,215.5025714
1218.5,215.5822195
1219,215.6602484
1219.5,215.7396887
1220,215.8175116
1220.5,215.8967412
1221,215.9743554
1221.5,216.0533715
1222,216.1307744
1222.5,216.2095744
1223,216.2867635
1223.5,216.365345
1224,216.4423179
1224.5,216.5206786
1225,216.5974331
1225.5,216.6755706
1226,216.7521046
1226.5,216.8300168
1227,216.9063283
1227.5,216.9840133
1228,217.0601004
1228.5,217.1375562
1229,217.2134171
1229.5,217.2906419
1230,217.366275
1230.5,217.4432671
1231,217.5186707
1231.5,217.5954286
1232,217.6706012
1232.5,217.7471234
1233,217.8220636
1233.5,217.8983486
1234,217.9730551
1234.5,218.0491016
1235,218.1235731
1235.5,218.1993798
1236,218.2736153
1236.5,218.3491811
1237,218.4231793
1237.5,218.4985032
1238,218.5722632
1238.5,218.6473441
1239,218.720865
1239.5,218.795702
1240,218.8689828
1240.5,218.943575
1241,219.0166151
1241.5,219.0909617
1242,219.1637602
1242.5,219.2378605
1243,219.3104167
1243.5,219.38427
1244,219.4565834
1244.5,219.5301892
1245,219.6022592
1245.5,219.6756168
1246,219.7474429
1246.5,219.8205518
1247,219.8921335
1247.5,219.9649934
1248,220.0363304
1248.5,220.1089408
1249,220.1800326
1249.5,220.2523932
1250,220.3232397
1250.5,220.3953501
1251,220.4659509
1251.5,220.537811
1252,220.608166
1252.5,220.6797755
1253,220.7498844
1253.5,220.8212432
1254,220.8911059
1254.5,220.9622138
1255,221.0318303
1255.5,221.1026873
1256,221.1720575
1256.5,221.2426635
1257,221.3117873
1257.5,221.3821424
1258,221.4510199
1258.5,221.521124
1259,221.5897552
1259.5,221.6596085
1260,221.7279935
1260.5,221.7975959
1261,221.8657349
1261.5,221.9350867
1262,222.0029797
1262.5,222.072081
1263,222.1397283
1263.5,222.2085792
1264,222.275981
1264.5,222.3445818
1265,222.4117382
1265.5,222.4800891
1266,222.5470004
1266.5,222.6151017
1267,222.6817683
1267.5,222.7496202
1268,222.8160423
1268.5,222.8836452
1269,222.9498231
1269.5,223.0171773
1270,223.0831113
1270.5,223.1502172
1271,223.2159078
1271.5,223.2827657
1272,223.3482132
1272.5,223.4148235
1273,223.4800283
1273.5,223.5463915
1274,223.611354
1274.5,223.6774705
1275,223.7421911
1275.5,223.8080613
1276,223.8725405
1276.5,223.938165
1277,224.0024033
1277.5,224.0677823
1278,224.1317802
1278.5,224.1969145
1279,224.2606724
1279.5,224.3255623
1280,224.3890808
1280.5,224.453727
1281,224.5170065
1281.5,224.5814094
1282,224.6444506
1282.5,224.7086108
1283,224.7714142
1283.5,224.8353323
1284,224.8978984
1284.5,224.9615749
1285,225.0239043
1285.5,225.0873398
1286,225.1494331
1286.5,225.2126283
1287,225.2744861
1287.5,225.3374414
1288,225.3990643
1288.5,225.4617805
1289,225.5231691
1289.5,225.5856468
1290,225.6468017
1290.5,225.7090414
1291,225.7699633
1291.5,225.8319658
1292,225.8926553
1292.5,225.9544211
1293,226.0148788
1293.5,226.0764087
1294,226.1366353
1294.5,226.1979299
1295,226.257926
1295.5,226.318986
1296,226.3787523
1296.5,226.4395784
1297,226.4991156
1297.5,226.5597084
1298,226.6190171
1298.5,226.6793774
1299,226.7384583
1299.5,226.7985867
1300,226.8574405
1300.5,226.9173377
1301,226.9759652
1301.5,227.0356319
1302,227.0940336
1302.5,227.1534706
1303,227.2116473
1303.5,227.2708553
1304,227.3288077
1304.5,227.3877873
1305,227.4455161
1305.5,227.5042681
1306,227.5617741
1306.5,227.6202992
1307,227.6775829
1307.5,227.7358819
1308,227.7929442
1308.5,227.8510177
1309,227.9078593
1309.5,227.9657081
1310,228.0223297
1310.5,228.0799545
1311,228.1363568
1311.5,228.1937585
1312,228.2499421
1312.5,228.3071213
1313,228.3630872
1313.5,228.4200446
1314,228.4757934
1314.5,228.5325298
1315,228.5880622
1315.5,228.6445784
1316,228.6998951
1316.5,228.7561918
1317,228.8112936
1317.5,228.8673716
1318,228.9222592
1318.5,228.9781192
1319,229.0327934
1319.5,229.0884361
1320,229.1428976
1320.5,229.1983238
1321,229.2525733
1321.5,229.3077838
1322,229.3618221
1322.5,229.4168176
1323,229.4706454
1323.5,229.5254266
1324,229.5790447
1324.5,229.6336124
1325,229.6870215
1325.5,229.7413765
1326,229.7945773
1326.5,229.8487204
1327,229.9017136
1327.5,229.9556455
1328,230.008432
1328.5,230.0621533
1329,230.1147338
1329.5,230.1682454
1330,230.2206205
1330.5,230.2739232
1331,230.3260938
1331.5,230.3791883
1332,230.431155
1332.5,230.484042
1333,230.5358057
1333.5,230.588486
1334,230.6400473
1334.5,230.6925217
1335,230.7438813
1335.5,230.7961505
1336,230.8473093
1336.5,230.899374
1337,230.9503327
1337.5,231.0021937
1338,231.0529529
1338.5,231.104611
1339,231.1551716
1339.5,231.2066274
1340,231.2569901
1340.5,231.3082445
1341,231.3584099
1341.5,231.4094635
1342,231.4594325
1342.5,231.5102862
1343,231.5600593
1343.5,231.6107138
1344,231.660292
1344.5,231.7107479
1345,231.7601318
1345.5,231.81039
1346,231.8595803
1346.5,231.9096415
1347,231.9586389
1347.5,232.0085039
1348,232.0573092
1348.5,232.1069786
1349,232.1555925
1349.5,232.2050671
1350,232.2534903
1350.5,232.3027708
1351,232.351004
1351.5,232.4000912
1352,232.4481352
1352.5,232.4970297
1353,232.5448852
1353.5,232.5935878
1354,232.6412554
1354.5,232.689767
1355,232.7372474
1355.5,232.7855685
1356,232.8328626
1356.5,232.8809939
1357,232.9281023
1357.5,232.9760447
1358,233.0229681
1358.5,233.0707221
1359,233.1174612
1359.5,233.1650277
1360,233.2115832
1360.5,233.2589629
1361,233.3053355
1361.5,233.352529
1362,233.3987194
1362.5,233.4457276
1363,233.4917365
1363.5,233.5385599
1364,233.584388
1364.5,233.6310274
1365,233.6766753
1365.5,233.7231314
1366,233.7686
1366.5,233.8148735
1367,233.8601633
1367.5,233.9062549
1368,233.9513667
1368.5,233.997277
1369,234.0422115
1369.5,234.0879413
1370,234.1326991
1370.5,234.1782491
1371,234.2228309
1371.5,234.2682018
1372,234.3126082
1372.5,234.3578007
1373,234.4020325
1373.5,234.4470472
1374,234.491105
1374.5,234.5359427
1375,234.5798272
1375.5,234.6244885
1376,234.6682003
1376.5,234.712686
1377,234.7562258
1377.5,234.8005365
1378,234.843905
1378.5,234.8880413
1379,234.9312392
1379.5,234.9752019
1380,235.0182298
1380.5,235.0620194
1381,235.1048781
1381.5,235.1484954
1382,235.1911853
1382.5,235.234631
1383,235.2771529
1383.5,235.3204276
1384,235.3627822
1384.5,235.4058865
1385,235.4480744
1385.5,235.4910091
1386,235.5330309
1386.5,235.5757966
1387,235.617653
1387.5,235.6602503
1388,235.7019419
1388.5,235.7443716
1389,235.7858991
1389.5,235.8281617
1390,235.8695257
1390.5,235.9116219
1391,235.952823
1391.5,235.9947535
1392,236.0357924
1392.5,236.0775578
1393,236.1184351
1393.5,236.160036
1394,236.2007524
1394.5,236.2421895
1395,236.2827455
1395.5,236.3240194
1396,236.3644158
1396.5,236.4055271
1397,236.4457644
1397.5,236.4867139
1398,236.5267926
1398.5,236.5675808
1399,236.6075018
1399.5,236.6481293
1400,236.687893
1400.5,236.7283606
1401,236.7679677
1401.5,236.8082758
1402,236.8477269
1402.5,236.8878763
1403,236.927172
1403.5,236.9671632
1404,237.0063041
1404.5,237.0461378
1405,237.0851246
1405.5,237.1248013
1406,237.1636345
1406.5,237.203155
1407,237.2418352
1407.5,237.2812
1408,237.3197278
1408.5,237.3589375
1409,237.3973135
1409.5,237.4363688
1410,237.4745936
1410.5,237.513495
1411,237.5515692
1411.5,237.5903173
1412,237.6282415
1412.5,237.666837
1413,237.7046118
1413.5,237.7430552
1414,237.7806812
1414.5,237.8189731
1415,237.8564508
1415.5,237.8945919
1416,237.9319219
1416.5,237.9699127
1417,238.0070956
1417.5,238.0449367
1418,238.0819732
1418.5,238.1196652
1419,238.1565556
1419.5,238.1940991
1420,238.2308442
1420.5,238.2682398
1421,238.3048401
1421.5,238.3420882
1422,238.3785444
1422.5,238.4156457
1423,238.4519582
1423.5,238.4889133
1424,238.5250827
1424.5,238.5618922
1425,238.5979191
1425.5,238.6345835
1426,238.6704684
1426.5,238.7069884
1427,238.7427318
1427.5,238.7791078
1428,238.8147104
1428.5,238.8509431
1429,238.8864054
1429.5,238.9224953
1430,238.9578178
1430.5,238.9937654
1431,239.0289487
1431.5,239.0647547
1432,239.0997993
1432.5,239.1354642
1433,239.1703707
1433.5,239.205895
1434,239.240664
1434.5,239.2760483
1435,239.3106802
1435.5,239.345925
1436,239.3804204
1436.5,239.4155263
1437,239.4498858
1437.5,239.4848533
1438,239.5190772
1438.5,239.5539068
1439,239.5879953
1439.5,239.6226872
1440,239.6566402
1440.5,239.6911942
1441,239.725011
1441.5,239.7594264
1442,239.7931053
1442.5,239.8273804
1443,239.8609189
1443.5,239.8950511
1444,239.9284452
1444.5,239.9624308
1445,239.9956753
1445.5,240.0295089
1446,240.062597
1446.5,240.0962718
1447,240.1291953
1447.5,240.1627031
1448,240.195452
1448.5,240.2287828
1449,240.2613456
1449.5,240.2944879
1450,240.3268515
1450.5,240.3597923
1451,240.3919424
1451.5,240.4246671
1452,240.4565877
1452.5,240.4890805
1453,240.5207545
1453.5,240.5529984
1454,240.5844075
1454.5,240.6163841
1455,240.6475091
1455.5,240.6791992
1456,240.71002
1456.5,240.7414033
1457,240.771899
1457.5,240.8029548
1458,240.8331038
1458.5,240.8638105
1459,240.8935909
1459.5,240.9239265
1460,240.9533158
1460.5,240.983258
1461,241.0122335
1461.5,241.0417595
1462,241.0702985
1462.5,241.0993855
1463,241.1274649
1463.5,241.1560901
1464,241.183687
1464.5,241.2118273
1465,241.238919
1465.5,241.2665517
1466,241.2931154
1466.5,241.3202178
1467,241.3462311
1467.5,241.3727807
1468,241.3982214
1468.5,241.4241961
1469,241.4490423
1469.5,241.4744202
1470,241.4986505
1470.5,241.5234101
1471,241.5470034
1471.5,241.5711238
1472,241.5940594
1472.5,241.6175198
1473,241.6397775
1473.5,241.6625578
1474,241.6841181
1474.5,241.7061986
1475,241.7270422
1475.5,241.7484038
1476,241.7685121
1476.5,241.7891361
1477,241.8084909
1477.5,241.8283593
1478,241.846943
1478.5,241.8660382
1479,241.8838339
1479.5,241.9021389
1480,241.9191301
1480.5,241.9366283
1481,241.9527992
1481.5,241.9694748
1482,241.9848099
1482.5,242.0006476
1483,242.0151321
1483.5,242.030117
1484,242.0437366
1484.5,242.0578546
1485,242.0705957
1485.5,242.0838329
1486,242.0956822
1486.5,242.1080256
1487,242.1189704
1487.5,242.1304073
1488,242.1404356
1488.5,242.1509538
1489,242.1600538
1489.5,242.1696418
1490,242.1778024
1490.5,242.186449
1491,242.1936596
1491.5,242.2013541
1492,242.2076046
1492.5,242.2143369
1493,242.2196175
1493.5,242.2253778
1494,242.2296793
1494.5,242.2344586
1495,242.2377722
1495.5,242.2415615
1496,242.2438788
1496.5,242.2466698
1497,242.2479829
1497.5,242.2497677
1498,242.250069
1498.5,242.2508402
1499,242.2501226
1499.5,242.2498729
1500,242.2481296
1500.5,242.2468523
1501,242.2440771
1501.5,242.2417659
1502,242.2379526
1502.5,242.2346015
1503,242.2297446
1503.5,242.2253479
1504,242.219442
1504.5,242.2139945
1505,242.2070347
1505.5,242.2005314
1506,242.192513
1506.5,242.1849492
1507,242.175868
1507.5,242.1672394
1508,242.1570912
1508.5,242.1473938
1509,242.136175
1509.5,242.1254051
1510,242.1131121
1510.5,242.1012663
1511,242.087896
1511.5,242.074971
1512,242.0605205
1512.5,242.0465134
1513,242.03098
1513.5,242.0158882
1514,241.9992695
1514.5,241.9830906
1515,241.9653844
1515.5,241.9481162
1516,241.9293205
1516.5,241.9109611
1517,241.8910743
1517.5,241.8716219
1518,241.8506424
1518.5,241.8300955
1519,241.808022
1519.5,241.7863794
1520,241.7632107
1520.5,241.7404713
1521,241.7162065
1521.5,241.6923693
1522,241.6670078
1522.5,241.642072
1523,241.6156132
1523.5,241.5895784
1524,241.5620218
1524.5,241.5348876
1525,241.506233
1525.5,241.4779991
1526,241.4482466
1526.5,241.4189129
1527,241.3880625
1527.5,241.3576292
1528,241.325681
1528.5,241.2941484
1529,241.2611029
1529.5,241.2284713
1530,241.194329
1530.5,241.1605989
1531,241.1253604
1531.5,241.0905324
1532,241.0541985
1532.5,241.0182735
1533,240.9808451
1533.5,240.943824
1534,240.9053021
1534.5,240.8671857
1535,240.8275714
1535.5,240.7883611
1536,240.7476556
1536.5,240.7073524
1537,240.6655571
1537.5,240.6241625
1538,240.5812787
1538.5,240.5387941
1539,240.4948234
1539.5,240.4512502
1540,240.4061942
1540.5,240.3615342
1541,240.3153946
1541.5,240.2696493
1542,240.2224279
1542.5,240.1755993
1543,240.1272979
1543.5,240.0793877
1544,240.0300082
1544.5,239.9810185
1545,239.930563
1545.5,239.8804957
1546,239.8289663
1546.5,239.7778234
1547,239.7252222
1547.5,239.673006
1548,239.6193353
1548.5,239.566048
1549,239.5113099
1549.5,239.4569537
1550,239.4011507
1550.5,239.3457281
1551,239.2888624
1551.5,239.2323757
1552,239.1744499
1552.5,239.1169015
1553,239.0579181
1553.5,238.9993105
1554,238.939272
1554.5,238.8796079
1555,238.8185168
1555.5,238.7577987
1556,238.6956578
1556.5,238.6338883
1557,238.5707002
1557.5,238.507882
1558,238.4436494
1558.5,238.3797853
1559,238.314511
1559.5,238.2496037
1560,238.1832904
1560.5,238.1173428
1561,238.0499934
1561.5,237.9830082
1562,237.9146256
1562.5,237.8466057
1563,237.7771928
1563.5,237.7081411
1564,237.6377008
1564.5,237.5676203
1565,237.4961555
1565.5,237.4250491
1566,237.3525628
1566.5,237.2804335
1567,237.2069288
1567.5,237.1337795
1568,237.0592594
1568.5,236.9850933
1569,236.9095607
1569.5,236.8343808
1570,236.7578389
1570.5,236.6816484
1571,236.6041002
1571.5,236.526902
1572,236.4483508
1572.5,236.3701481
1573,236.2905968
1573.5,236.2113927
1574,236.1308447
1574.5,236.0506424
1575,235.9691006
1575.5,235.8879033
1576,235.805371
1576.5,235.7231818
1577,235.6396623
1577.5,235.5564844
1578,235.4719807
1578.5,235.3878174
1579,235.3023328
1579.5,235.2171872
1580,235.130725
1580.5,235.0446004
1581,234.9571637
1581.5,234.8700633
1582,234.7816555
1582.5,234.6935826
1583,234.6042068
1583.5,234.5151646
1584,234.4248242
1584.5,234.334816
1585,234.2435141
1585.5,234.1525432
1586,234.0602832
1586.5,233.9683528
1587,233.8751379
1587.5,233.7822514
1588,233.6880849
1588.5,233.5942455
1589,233.4991308
1589.5,233.4043418
1590,233.308282
1590.5,233.2125467
1591,233.1155452
1591.5,233.0188669
1592,232.920927
1592.5,232.823309
1593,232.724434
1593.5,232.6258796
1594,232.5260727
1594.5,232.4265852
1595,232.3258498
1595.5,232.2254325
1596,232.1237719
1596.5,232.0224281
1597,231.9198456
1597.5,231.8175786
1598,231.7140774
1598.5,231.6108906
1599,231.506474
1599.5,231.4023706
1600,231.297042
1600.5,231.1920253
1601,231.085788
1601.5,230.9798613
1602,230.8727185
1602.5,230.7658851
1603,230.6578401
1603.5,230.5501033
1604,230.4411595
1604.5,230.3325226
1605,230.2226831
1605.5,230.1131494
1606,230.0024176
1606.5,229.8919903
1607,229.7803694
1607.5,229.6690519
1608,229.5565452
1608.5,229.4443407
1609,229.3309515
1609.5,229.2178633
1610,229.1035948
1610.5,228.9896262
1611,228.8744817
1611.5,228.7596358
1612,228.6436186
1612.5,228.5278987
1613,228.411012
1613.5,228.2944215
1614,228.1766684
1614.5,228.0592104
1615,227.9405943
1615.5,227.8222722
1616,227.7027962
1616.5,227.5836131
1617,227.4632805
1617.5,227.3432396
1618,227.2220537
1618.5,227.1011582
1619,226.9791221
1619.5,226.8573753
1620,226.7344922
1620.5,226.6118972
1621,226.4881703
1621.5,226.3647304
1622,226.2401629
1622.5,226.1158813
1623,225.9904763
1623.5,225.8653561
1624,225.7391169
1624.5,225.6131613
1625,225.4860909
1625.5,225.3593031
1626,225.2314048
1626.5,225.1037879
1627,224.9750647
1627.5,224.8466219
1628,224.7170771
1628.5,224.5878115
1629,224.4574481
1629.5,224.3273629
1630,224.1961841
1630.5,224.0652823
1631,223.9332912
1631.5,223.801576
1632,223.6687756
1632.5,223.5362501
1633,223.4026437
1633.5,223.269311
1634,223.1349015
1634.5,223.0007646
1635,222.8655552
1635.5,222.7306173
1636,222.594611
1636.5,222.4588751
1637,222.3220749
1637.5,222.1855442
1638,222.0479532
1638.5,221.9106306
1639,221.7722519
1639.5,221.6341405
1640,221.4949771
1640.5,221.35608
1641,221.216135
1641.5,221.0764555
1642,220.9357323
1642.5,220.7952739
1643,220.6537761
1643.5,220.5125429
1644,220.3702749
1644.5,220.2282716
1645,220.0852385
1645.5,219.9424709
1646,219.7986787
1646.5,219.6551537
1647,219.5106099
1647.5,219.3663356
1648,219.2210489
1648.5,219.076035
1649,218.9300156
1649.5,218.7842732
1650,218.6375329
1650.5,218.4910748
1651,218.343627
1651.5,218.1964675
1652,218.0483271
1652.5,217.9004819
1653,217.7516654
1653.5,217.603152
1654,217.4536773
1654.5,217.3045144
1655,217.1544007
1655.5,217.0046082
1656,216.8538762
1656.5,216.7034753
1657,216.5521465
1657.5,216.4011595
1658,216.2492565
1658.5,216.0977066
1659,215.9452529
1659.5,215.7931639
1660,215.6401838
1660.5,215.4875804
1661,215.3340987
1661.5,215.181006
1662,215.027048
1662.5,214.8734915
1663,214.719083
1663.5,214.5650887
1664,214.4102556
1664.5,214.2558494
1665,214.1006178
1665.5,213.945826
1666,213.7902222
1666.5,213.635071
1667,213.479121
1667.5,213.3236364
1668,213.1673664
1668.5,213.0115746
1669,212.8550104
1669.5,212.698937
1670,212.5421044
1670.5,212.3857749
1671,212.2286992
1671.5,212.0721389
1672,211.9148452
1672.5,211.7580789
1673,211.6005918
1673.5,211.4436439
1674,211.2859877
1674.5,211.1288822
1675,210.9710806
1675.5,210.813841
1676,210.6559175
1676.5,210.4985668
1677,210.340544
1677.5,210.1831048
1678,210.0250051
1678.5,209.8674993
1679,209.7093445
1679.5,209.5517936
1680,209.3936048
1680.5,209.2360296
1681,209.0778275
1681.5,208.9202484
1682,208.7620531
1682.5,208.6044899
1683,208.4463209
1683.5,208.2887928
1684,208.130669
1684.5,207.9731946
1685,207.8151345
1685.5,207.6577319
1686,207.4997533
1686.5,207.34244
1687,207.1845602
1687.5,207.0273531
1688,206.8695889
1688.5,206.7125045
1689,206.5548719
1689.5,206.3979261
1690,206.2404409
1690.5,206.0836489
1691,205.9263261
1691.5,205.7697029
1692,205.6125572
1692.5,205.4561169
1693,205.2991624
1693.5,205.1429189
1694,204.9861691
1694.5,204.8301357
1695,204.6736037
1695.5,204.5177933
1696,204.3614917
1696.5,204.2059166
1697,204.0498575
1697.5,203.8945295
1698,203.7387248
1698.5,203.5836554
1699,203.4281161
1699.5,203.2733164
1700,203.1180534
1700.5,202.9635338
1701,202.8085576
1701.5,202.6543283
1702,202.4996488
1702.5,202.3457196
1703,202.1913463
1703.5,202.0377266
1704,201.8836687
1704.5,201.7303674
1705,201.5766339
1705.5,201.4236596
1706,201.2702588
1706.5,201.1176197
1707,200.9645597
1707.5,200.8122639
1708,200.6595525
1708.5,200.5076074
1709,200.3552519
1709.5,200.2036648
1710,200.0516724
1710.5,199.9004502
1711,199.7488277
1711.5,199.597977
1712,199.4467309
1712.5,199.296258
1713,199.1453944
1713.5,198.9953054
1714,198.8448301
1714.5,198.6951307
1715,198.5450496
1715.5,198.3957453
1716,198.2460636
1716.5,198.0971595
1717,197.9478824
1717.5,197.7993836
1718,197.6505158
1718.5,197.502427
1719,197.3539733
1719.5,197.206299
1720,197.0582636
1720.5,196.9110081
1721,196.7633953
1721.5,196.6165625
1722,196.4693762
1722.5,196.3229701
1723,196.176214
1723.5,196.0302382
1724,195.8839159
1724.5,195.7383738
1725,195.5924886
1725.5,195.4473834
1726,195.3019385
1726.5,195.1572733
1727,195.0122716
1727.5,194.8680493
1728,194.7234937
1728.5,194.5797169
1729,194.43561
1729.5,194.2922813
1730,194.1486256
1730.5,194.0057474
1731,193.8625452
1731.5,193.7201197
1732,193.5773731
1732.5,193.4354024
1733,193.2931135
1733.5,193.1515996
1734,193.0097701
1734.5,192.8687148
1735,192.7273466
1735.5,192.5867515
1736,192.4458462
1736.5,192.3057129
1737,192.1652719
1737.5,192.0256018
1738,191.8856265
1738.5,191.7464209
1739,191.6069126
1739.5,191.4681726
1740,191.3291324
1740.5,191.1908592
1741,191.0522881
1741.5,190.9144827
1742,190.7763816
1742.5,190.6390448
1743,190.5014146
1743.5,190.3645471
1744,190.2273885
1744.5,190.090991
1745,189.9543046
1745.5,189.8183778
1746,189.6821642
1746.5,189.5467085
1747,189.4109681
1747.5,189.275984
1748,189.1407171
1748.5,189.0062049
1749,188.8714119
1749.5,188.7373718
1750,188.6030529
1750.5,188.4694851
1751,188.3356405
1751.5,188.2025451
1752,188.0691747
1752.5,187.9365518
1753,187.8036558
1753.5,187.6715053
1754,187.5390835
1754.5,187.4074053
1755,187.2754577
1755.5,187.1442517
1756,187.012778
1756.5,186.8820439
1757,186.7510439
1757.5,186.6207816
1758,186.4902549
1758.5,186.360464
1759,186.2304104
1759.5,186.1010904
1760,185.9715095
1760.5,185.8426601
1761,185.7135513
1761.5,185.585172
1762,185.4565348
1762.5,185.3286251
1763,185.2004591
1763.5,185.0730184
1764,184.9453229
1764.5,184.8183505
1765,184.691125
1765.5,184.5646204
1766,184.437864
1766.5,184.3118265
1767,184.1855386
1767.5,184.0599674
1768,183.9341473
1768.5,183.8090416
1769,183.6836885
1769.5,183.5590476
1770,183.4341606
1770.5,183.3099836
1771,183.1855619
1771.5,183.061848
1772,182.9378907
1772.5,182.814639
1773,182.6911452
1773.5,182.5683547
1774,182.4453235
1774.5,182.3229933
1775,182.2004237
1775.5,182.0785527
1776,181.9564437
1776.5,181.8350311
1777,181.7133817
1777.5,181.5924263
1778,181.4712354
1778.5,181.3507363
1779,181.2300029
1779.5,181.1099589
1780,180.9896819
1780.5,180.870092
1781,180.7502702
1781.5,180.6311332
1782,180.5117655
1782.5,180.3930804
1783,180.2741657
1783.5,180.1559312
1784,180.0374684
1784.5,179.9196834
1785,179.8016711
1785.5,179.6843344
1786,179.5667716
1786.5,179.449882
1787,179.3327674
1787.5,179.2163237
1788,179.0996561
1788.5,178.9836571
1789,178.8674352
1789.5,178.7518796
1790,178.6361022
1790.5,178.5209887
1791,178.4056545
1791.5,178.2909819
1792,178.1760896
1792.5,178.0618566
1793,177.947405
1793.5,177.8336102
1794,177.719598
1794.5,177.6062402
1795,177.492666
1795.5,177.3797439
1796,177.2666064
1796.5,177.1541187
1797,177.0414165
1797.5,176.9293618
1798,176.8170937
1798.5,176.7054706
1799,176.5936352
1799.5,176.4824425
1800,176.3710384
1800.5,176.2602747
1801,176.1493005
1801.5,176.0389644
1802,175.9284188
1802.5,175.818509
1803,175.7083906
1803.5,175.5989057
1804,175.4892131
1804.5,175.3801517
1805,175.2708836
1805.5,175.1622443
1806,175.0533992
1806.5,174.9451806
1807,174.8367572
1807.5,174.728958
1808,174.6209549
1808.5,174.5135736
1809,174.4059893
1809.5,174.2990245
1810,174.1918577
1810.5,174.0853081
1811,173.9785573
1811.5,173.8724214
1812,173.7660852
1812.5,173.6603617
1813,173.5544387
1813.5,173.4491261
1814,173.3436149
1814.5,173.2387118
1815,173.133611
1815.5,173.029116
1816,172.9244241
1816.5,172.8203358
1817,172.7160514
1817.5,172.6123683
1818,172.5084901
1818.5,172.4052109
1819,172.3017373
1819.5,172.1988605
1820,172.0957902
1820.5,171.9933144
1821,171.890646
1821.5,171.7885697
1822,171.6863017
1822.5,171.5846236
1823,171.4827544
1823.5,171.3814729
1824,171.2800009
1824.5,171.1791143
1825,171.0780373
1825.5,170.9775433
1826,170.8768588
1826.5,170.7767546
1827,170.6764589
1827.5,170.5767407
1828,170.4768293
1828.5,170.3774921
1829,170.277959
1829.5,170.1789967
1830,170.0798345
1830.5,169.9812392
1831,169.8824388
1831.5,169.7842009
1832,169.6857517
1832.5,169.58786
1833,169.4897493
1833.5,169.3921909
1834,169.2944045
1834.5,169.1971646
1835,169.0996865
1835.5,169.0027486
1836,168.9055612
1836.5,168.8089072
1837,168.7119913
1837.5,168.6156018
1838,168.5189368
1838.5,168.4227907
1839,168.3263548
1839.5,168.2304299
1840,168.1341999
1840.5,168.038473
1841,167.942425
1841.5,167.8468716
1842,167.7509807
1842.5,167.6555758
1843,167.5598162
1843.5,167.464534
1844,167.3688797
1844.5,167.2736937
1845,167.178118
1845.5,167.0830016
1846,166.9874773
1846.5,166.8924033
1847,166.7969034
1847.5,166.7018446
1848,166.6063416
1848.5,166.5112707
1849,166.4157373
1849.5,166.3206269
1850,166.2250359
1850.5,166.1298587
1851,166.034183
1851.5,165.938912
1852,165.8431246
1852.5,165.7477331
1853,165.6518075
1853.5,165.5562689
1854,165.4601789
1854.5,165.3644671
1855,165.2681869
1855.5,165.1722761
1856,165.0757803
1856.5,164.9796453
1857,164.882909
1857.5,164.7865252
1858,164.6895239
1858.5,164.592867
1859,164.495577
1859.5,164.3986233
1860,164.3010213
1860.5,164.2037476
1861,164.105811
1861.5,164.0081948
1862,163.9099014
1862.5,163.811921
1863,163.7132493
1863.5,163.6148831
1864,163.5158123
1864.5,163.4170398
1865,163.3175496
1865.5,163.2183507
1866,163.1184215
1866.5,163.0187766
1867,162.9183894
1867.5,162.8182798
1868,162.7174162
1868.5,162.6168237
1869,162.5154659
1869.5,162.4143727
1870,162.3125035
1870.5,162.2108928
1871,162.1084957
1871.5,162.006351
1872,161.90341
1872.5,161.8007155
1873,161.6972151
1873.5,161.5939556
1874,161.4898811
1874.5,161.3860419
1875,161.2813789
1875.5,161.1769459
1876,161.0716808
1876.5,160.9666405
1877,160.8607601
1877.5,160.7550994
1878,160.6485911
1878.5,160.5422975
1879,160.4351491
1879.5,160.3282107
1880,160.2204107
1880.5,160.1128159
1881,160.0043531
1881.5,159.896091
1882,159.7869547
1882.5,159.6780148
1883,159.5681948
1883.5,159.4585671
1884,159.3480537
1884.5,159.2377284
1885,159.1265124
1885.5,159.0154805
1886,158.9035529
1886.5,158.7918055
1887,158.6791579
1887.5,158.5666869
1888,158.4533112
1888.5,158.3401085
1889,158.2259972
1889.5,158.1120552
1890,157.9972009
1890.5,157.8825126
1891,157.7669084
1891.5,157.6514668
1892,157.5351062
1892.5,157.418905
1893,157.3017817
1893.5,157.1848148
1894,157.0669229
1894.5,156.9491845
1895,156.8305185
1895.5,156.7120031
1896,156.5925578
1896.5,156.4732602
1897,156.3530306
1897.5,156.232946
1898,156.1119275
1898.5,155.9910513
1899,155.8692396
1899.5,155.7475675
1900,155.6249583
1900.5,155.5024864
1901,155.379076
1901.5,155.2558004
1902,155.1315853
1902.5,155.0075025
1903,154.8824792
1903.5,154.757586
1904,154.6317515
1904.5,154.5060449
1905,154.3793963
1905.5,154.2528734
1906,154.1254081
1906.5,153.9980664
1907,153.8697818
1907.5,153.7416189
1908,153.6125129
1908.5,153.4835267
1909,153.3535972
1909.5,153.2237856
1910,153.0930309
1910.5,152.9623921
1911,152.8308104
1911.5,152.6993429
1912,152.5669328
1912.5,152.4346351
1913,152.3013952
1913.5,152.1682661
1914,152.0341952
1914.5,151.9002336
1915,151.7653308
1915.5,151.6305357
1916,151.4948002
1916.5,151.3591708
1917,151.2226019
1917.5,151.0861375
1918,150.9487346
1918.5,150.8114348
1919,150.6731975
1919.5,150.5350619
1920,150.3959899
1920.5,150.2570183
1921,150.1171114
1921.5,149.9773036
1922,149.8365618
1922.5,149.6959178
1923,149.5543413
1923.5,149.4128612
1924,149.27045
1924.5,149.1281341
1925,148.9848886
1925.5,148.8417372
1926,148.6976577
1926.5,148.5536713
1927,148.4087584
1927.5,148.2639374
1928,148.1181916
1928.5,147.9725367
1929,147.8259588
1929.5,147.6794707
1930,147.5320615
1930.5,147.3847409
1931,147.2365012
1931.5,147.0883491
1932,146.9392798
1932.5,146.7902972
1933,146.6403994
1933.5,146.4905873
1934,146.3398619
1934.5,146.1892215
1935,146.0376699
1935.5,145.8862022
1936,145.7338255
1936.5,145.5815319
1937,145.4283315
1937.5,145.2752133
1938,145.1211904
1938.5,144.967249
1939,144.8124052
1939.5,144.6576419
1940,144.5019787
1940.5,144.3463952
1941,144.1899139
1941.5,144.0335117
1942,143.8762141
1942.5,143.7189947
1943,143.5608824
1943.5,143.4028476
1944,143.2439223
1944.5,143.0850737
1945,142.9253371
1945.5,142.7656766
1946,142.6051304
1946.5,142.4446597
1947,142.2833058
1947.5,142.1220268
1948,141.9598671
1948.5,141.7977816
1949,141.634818
1949.5,141.471928
1950,141.3081626
1950.5,141.1444703
1951,140.9799054
1951.5,140.8154132
1952,140.6500516
1952.5,140.4847626
1953,140.3186078
1953.5,140.1525258
1954,139.9855821
1954.5,139.818712
1955,139.6509852
1955.5,139.483333
1956,139.31483
1956.5,139.1464033
1957,138.9771327
1957.5,138.8079408
1958,138.6379128
1958.5,138.4679664
1959,138.2971931
1959.5,138.126505
1960,137.9550002
1960.5,137.7835848
1961,137.611364
1961.5,137.4392375
1962,137.2663182
1962.5,137.0934985
1963,136.9198995
1963.5,136.746406
1964,136.5721479
1964.5,136.3980017
1965,136.2231062
1965.5,136.0483296
1966,135.87282
1966.5,135.6974366
1967,135.5213372
1967.5,135.3453715
1968,135.1687076
1968.5,134.9921853
1969,134.8149829
1969.5,134.6379303
1970,134.4602163
1970.5,134.2826605
1971,134.1044623
1971.5,133.9264308
1972,133.7477761
1972.5,133.5692969
1973,133.3902139
1973.5,133.2113151
1974,133.0318322
1974.5,132.8525422
1975,132.6726878
1975.5,132.493035
1976,132.3128375
1976.5,132.1328503
1977,131.9523381
1977.5,131.7720448
1978,131.5912459
1978.5,131.4106746
1979,131.229617
1979.5,131.0487955
1980,130.8675068
1980.5,130.6864626
1981,130.5049701
1981.5,130.3237303
1982,130.1420608
1982.5,129.9606521
1983,129.778832
1983.5,129.5972806
1984,129.4153359
1984.5,129.2336675
1985,129.0516235
1985.5,128.8698634
1986,128.687745
1986.5,128.5059178
1987,128.3237493
1987.5,128.1418791
1988,127.9596841
1988.5,127.7777944
1989,127.595596
1989.5,127.4137097
1990,127.2315305
1990.5,127.0496699
1991,126.8675318
1991.5,126.6857185
1992,126.5036427
1992.5,126.3218979
1993,126.1399051
1993.5,125.9582491
1994,125.7763594
1994.5,125.5948121
1995,125.4130449
1995.5,125.2316255
1996,125.0499996
1996.5,124.8687268
1997,124.6872603
1997.5,124.5061521
1998,124.3248628
1998.5,124.1439365
1999,123.9628414
1999.5,123.7821139
2000,123.6012294
2000.5,123.4207171
2001,123.2400591
2001.5,123.0597775
2002,122.8793613
2002.5,122.6993256
2003,122.5191661
2003.5,122.3393909
2004,122.1595022
2004.5,121.9800016
2005,121.8003976
2005.5,121.6211851
2006,121.4418788
2006.5,121.2629674
2007,121.0839716
2007.5,120.905374
2008,120.7267009
2008.5,120.548429
2009,120.3700904
2009.5,120.1921558
2010,120.014163
2010.5,119.8365768
2011,119.6589406
2011.5,119.4817136
2012,119.3044443
2012.5,119.1275867
2013,118.9506944
2013.5,118.774216
2014,118.5977102
2014.5,118.4216204
2015,118.2455103
2015.5,118.0698182
2016,117.8941124
2016.5,117.7188267
2017,117.5435338
2017.5,117.3686626
2018,117.1937905
2018.5,117.0193418
2019,116.8448983
2019.5,116.6708796
2020,116.4968719
2020.5,116.3232905
2021,116.1497256
2021.5,115.9765883
2022,115.803473
2022.5,115.6307865
2023,115.458127
2023.5,115.2858974
2024,115.1137
2024.5,114.9419333
2025,114.7702036
2025.5,114.5989055
2026,114.427649
2026.5,114.256825
2027,114.0860469
2027.5,113.915702
2028,113.7454074
2028.5,113.5755465
2029,113.40574
2029.5,113.2363678
2030,113.0670538
2030.5,112.8981746
2031,112.7293574
2031.5,112.5609754
2032,112.392659
2032.5,112.224778
2033,112.0569662
2033.5,111.8895901
2034,111.7222863
2034.5,111.5554185
2035,111.3886262
2035.5,111.2222699
2036,111.0559923
2036.5,110.8901507
2037,110.7243907
2037.5,110.5590666
2038,110.393827
2038.5,110.2290232
2039,110.0643065
2039.5,109.9000257
2040,109.7358344
2040.5,109.5720787
2041,109.4084151
2041.5,109.2451868
2042,109.082053
2042.5,108.9193542
2043,108.7567521
2043.5,108.5945848
2044,108.4325162
2044.5,108.270882
2045,108.1093486
2045.5,107.9482491
2046,107.7872525
2046.5,107.6266893
2047,107.4662307
2047.5,107.3062051
2048,107.1462859
2048.5,106.9867991
2049,106.8274205
2049.5,106.6684736
2050,106.5096365
2050.5,106.3512305
2051,106.1929358
2051.5,106.0350716
2052,105.8773202
2052.5,105.7199985
2053,105.562791
2053.5,105.4060125
2054,105.2493495
2054.5,105.0931149
2055,104.9369969
2055.5,104.7813064
2056,104.6257338
2056.5,104.470588
2057,104.3155611
2057.5,104.1609601
2058,104.0064792
2058.5,103.8524233
2059,103.6984885
2059.5,103.5449777
2060,103.391589
2060.5,103.2386235
2061,103.0857809
2061.5,102.9333606
2062,102.781064
2062.5,102.6291887
2063,102.477438
2063.5,102.3261075
2064,102.1749024
2064.5,102.0241166
2065,101.8734568
2065.5,101.7232152
2066,101.5731004
2066.5,101.4234027
2067,101.2738324
2067.5,101.1246782
2068,100.9756519
2068.5,100.8270407
2069,100.6785578
2069.5,100.530489
2070,100.3825491
2070.5,100.235022
2071,100.0876243
2071.5,99.94063837
2072,99.79378223
2072.5,99.6473367
2073,99.50102136
2073.5,99.35511548
2074,99.20934015
2074.5,99.06397313
2075,98.91873697
2075.5,98.77390794
2076,98.62921008
2076.5,98.48491817
2077,98.34075768
2077.5,98.19700196
2078,98.05337789
2078.5,97.91015739
2079,97.76706875
2079.5,97.62438247
2080,97.48182823
2080.5,97.33967512
2081,97.19765422
2081.5,97.05603323
2082,96.91454456
2082.5,96.77345458
2083,96.63249703
2083.5,96.49193691
2084,96.35150933
2084.5,96.21147792
2085,96.07157911
2085.5,95.93207523
2086,95.79270398
2086.5,95.6537264
2087,95.51488147
2087.5,95.37642896
2088,95.2381091
2088.5,95.10018037
2089,94.96238429
2089.5,94.82497807
2090,94.68770446
2090.5,94.55081943
2091,94.41406696
2091.5,94.27770179
2092,94.14146911
2092.5,94.00562245
2093,93.86990819
2093.5,93.73457866
2094,93.59938144
2094.5,93.46456765
2095,93.32988606
2095.5,93.1955866
2096,93.06141922
2096.5,92.92763267
2097,92.79397806
2097.5,92.66070298
2098,92.52755969
2098.5,92.39479462
2099,92.26216118
2099.5,92.12990466
2100,91.99777959
2100.5,91.86603013
2101,91.73441194
2101.5,91.60316805
2102,91.47205523
2102.5,91.34131541
2103,91.21070644
2103.5,91.08046916
2104,90.95036252
2104.5,90.82062626
2105,90.69102041
2105.5,90.56178363
2106,90.43267702
2106.5,90.30393818
2107,90.17532925
2107.5,90.04708679
2108,89.91897399
2108.5,89.79122634
2109,89.66360809
2109.5,89.53635368
2110,89.4092284
2110.5,89.28246565
2111,89.15583176
2111.5,89.02955909
2112,88.90341499
2112.5,88.7776308
2113,88.6519749
2113.5,88.5266776
2114,88.40150829
2114.5,88.27669628
2115,88.15201195
2115.5,88.02768362
2116,87.90348266
2116.5,87.7796364
2117,87.65591719
2117.5,87.53255138
2118,87.4093123
2118.5,87.28642532
2119,87.16366475
2119.5,87.04125499
2120,86.91897129
2120.5,86.79703711
2121,86.67522867
2121.5,86.55376844
2122,86.43243362
2122.5,86.31144572
2123,86.19058287
2123.5,86.07006567
2124,85.94967317
2124.5,85.82962502
2125,85.70970124
2125.5,85.59012051
2126,85.47066379
2126.5,85.35154886
2127,85.23255757
2127.5,85.11390679
2128,84.99537929
2128.5,84.87719102
2129,84.75912567
2129.5,84.64139828
2130,84.52379344
2130.5,84.40652528
2131,84.28937931
2131.5,84.17256875
2132,84.05588
2132.5,83.93952541
2133,83.82329225
2133.5,83.70739198
2134,83.59161277
2134.5,83.47616519
2135,83.36083829
2135.5,83.24584176
2136,83.13096554
2136.5,83.01641843
2137,82.90199124
2137.5,82.78789192
2138,82.67391214
2138.5,82.56025898
2139,82.44672496
2139.5,82.33351633
2140,82.22042645
2140.5,82.10766072
2141,81.99501335
2141.5,81.8826889
2142,81.77048242
2142.5,81.65859761
2143,81.54683039
2143.5,81.43538361
2144,81.32405403
2144.5,81.21304367
2145,81.10215011
2145.5,80.99157454
2146,80.88111538
2146.5,80.770973
2147,80.66094663
2147.5,80.55123582
2148,80.44164062
2148.5,80.33235978
2149,80.22319416
2149.5,80.11434167
2150,80.00560401
2150.5,79.89717829
2151,79.78886699
2151.5,79.68086643
2152,79.57297989
2152.5,79.4654029
2153,79.35793953
2153.5,79.25078452
2154,79.14374273
2154.5,79.0370081
2155,78.9303863
2155.5,78.82407047
2156,78.71786708
2156.5,78.61196848
2157,78.50618191
2157.5,78.40069895
2158,78.29532763
2158.5,78.19025875
2159,78.08530111
2159.5,77.98064473
2160,77.87609919
2160.5,77.77185375
2161,77.66771875
2161.5,77.56388269
2162,77.46015668
2162.5,77.35672844
2163,77.25340984
2163.5,77.15038787
2164,77.04747515
2164.5,76.9448579
2165,76.8423495
2165.5,76.74013543
2166,76.63802981
2166.5,76.53621737
2167,76.43451299
2167.5,76.33310065
2168,76.23179597
2168.5,76.1307822
2169,76.02987569
2169.5,75.92925896
2170,75.82874911
2170.5,75.72852789
2171,75.62841316
2171.5,75.52858595
2172,75.42886482
2172.5,75.3294301
2173,75.23010107
2173.5,75.13105732
2174,75.03211887
2174.5,74.9334646
2175,74.83491524
2175.5,74.73664894
2176,74.63848716
2176.5,74.54060734
2177,74.44283165
2177.5,74.34533682
2178,74.24794572
2178.5,74.1508344
2179,74.05382642
2179.5,73.95709711
2180,73.86047077
2180.5,73.76412201
2181,73.66787582
2181.5,73.57190614
2182,73.47603864
2182.5,73.38044657
2183,73.28495629
2183.5,73.18974036
2184,73.09462585
2184.5,72.99978461
2185,72.9050444
2185.5,72.81057639
2186,72.71620904
2186.5,72.62211282
2187,72.52811688
2187.5,72.43439101
2188,72.34076503
2188.5,72.24740807
2189,72.15415062
2189.5,72.06116114
2190,71.96827079
2190.5,71.87564735
2191,71.78312267
2191.5,71.69086386
2192,71.59870343
2192.5,71.50680783
2193,71.41501023
2193.5,71.32347643
2194,71.23204025
2194.5,71.14086683
2195,71.04979066
2195.5,70.95897622
2196,70.86825867
2196.5,70.77780181
2197,70.68744147
2197.5,70.59734081
2198,70.50733629
2198.5,70.41759043
2199,70.32794034
2199.5,70.2385479
2200,70.14925086
2200.5,70.06021046
2201,69.9712651
2201.5,69.88257536
2202,69.7939803
2202.5,69.70563986
2203,69.61739373
2203.5,69.52940122
2204,69.44150266
2204.5,69.35385673
2205,69.26630438
2205.5,69.17900367
2206,69.09179618
2206.5,69.00483934
2207,68.91797536
2207.5,68.83136105
2208,68.74483923
2208.5,68.65856611
2209,68.57238513
2209.5,68.48645185
2210,68.40061037
2210.5,68.31501561
2211,68.22951229
2211.5,68.14425474
2212,68.05908827
2212.5,67.97416659
2213,67.88933564
2213.5,67.80474853
2214,67.72025179
2214.5,67.63599793
2215,67.55183409
2215.5,67.46791218
2216,67.38407994
2216.5,67.30048868
2217,67.21698674
2217.5,67.13372483
2218,67.05055189
2218.5,66.96761804
2219,66.88477282
2219.5,66.80216574
2220,66.71964695
2220.5,66.63736537
2221,66.55517173
2221.5,66.47321436
2222,66.39134459
2222.5,66.30971017
2223,66.22816301
2223.5,66.14685027
2224,66.06562445
2224.5,65.98463212
2225,65.90372638
2225.5,65.82305321
2226,65.74246629
2226.5,65.66211103
2227,65.58184167
2227.5,65.50180307
2228,65.42185005
2228.5,65.34212686
2229,65.26248891
2229.5,65.18307991
2230,65.10375581
2230.5,65.02465974
2231,64.94564825
2231.5,64.86686391
2232,64.7881638
2232.5,64.70968994
2233,64.6313
2233.5,64.55313541
2234,64.47505441
2234.5,64.39719788
2235,64.31942461
2235.5,64.24187493
2236,64.16440818
2236.5,64.08716413
2237,64.0100027
2237.5,63.93306309
2238,63.85620577
2238.5,63.77956941
2239,63.70301501
2239.5,63.62668069
2240,63.55042802
2240.5,63.47439457
2241,63.39844244
2241.5,63.32270867
2242,63.24705591
2242.5,63.17162064
2243,63.09626606
2243.5,63.02112812
2244,62.94607055
2244.5,62.87122877
2245,62.79646704
2245.5,62.72192026
2246,62.64745321
2246.5,62.57320026
2247,62.49902673
2247.5,62.42506646
2248,62.3511853
2248.5,62.27751656
2249,62.20392661
2249.5,62.13054825
2250,62.05724838
2250.5,61.98415925
2251,61.91114831
2251.5,61.83834728
2252,61.76562413
2252.5,61.69311007
2253,61.62067358
2253.5,61.54844535
2254,61.4762944
2254.5,61.40435089
2255,61.33248434
2255.5,61.26082442
2256,61.18924116
2256.5,61.11786371
2257,61.04656263
2257.5,60.97546655
2258,60.90444653
2258.5,60.8336307
2259,60.76289064
2259.5,60.69235397
2260,60.62189276
2260.5,60.55163414
2261,60.4814507
2261.5,60.41146904
2262,60.34156225
2262.5,60.27185646
2263,60.20222525
2263.5,60.13279425
2264,60.06343753
2264.5,59.99428022
2265,59.92519691
2265.5,59.85631223
2266,59.78750125
2266.5,59.71888812
2267,59.6503484
2267.5,59.58200575
2268,59.51373623
2268.5,59.44566299
2269,59.37766259
2269.5,59.30985771
2270,59.24212538
2270.5,59.1745878
2271,59.10712249
2271.5,59.03985115
2272,58.97265179
2272.5,58.90564565
2273,58.83871121
2273.5,58.77196922
2274,58.70529865
2274.5,58.63881977
2275,58.57241203
2275.5,58.50619522
2276,58.44004928
2276.5,58.37409352
2277,58.30820834
2277.5,58.24251259
2278,58.17688715
2278.5,58.1114504
2279,58.04608367
2279.5,57.98090488
2280,57.91579585
2280.5,57.85087402
2281,57.78602166
2281.5,57.72135577
2282,57.65675909
2282.5,57.59234813
2283,57.5280061
2283.5,57.46384908
2284,57.39976071
2284.5,57.33585661
2285,57.2720209
2285.5,57.20836873
2286,57.14478469
2286.5,57.08138346
2287,57.01805009
2287.5,56.95489881
2288,56.89181512
2288.5,56.82891281
2289,56.76607782
2289.5,56.70342349
2290,56.64083622
2290.5,56.57842891
2291,56.51608838
2291.5,56.4539271
2292,56.39183234
2292.5,56.32991612
2293,56.26806617
2293.5,56.20639405
2294,56.14478794
2294.5,56.08335896
2295,56.02199572
2295.5,55.96080892
2296,55.8996876
2296.5,55.83874203
2297,55.77786168
2297.5,55.71715638
2298,55.65651605
2298.5,55.59605007
2299,55.53564881
2299.5,55.47542122
2300,55.41525809
2300.5,55.35526795
2301,55.29534201
2301.5,55.23558837
2302,55.17589869
2302.5,55.11638063
2303,55.05692628
2303.5,54.99764287
2304,54.93842291
2304.5,54.87937322
2305,54.82038674
2305.5,54.76156985
2306,54.70281592
2306.5,54.64423092
2307,54.58570863
2307.5,54.5273546
2308,54.46906303
2308.5,54.41093907
2309,54.35287731
2309.5,54.2949825
2310,54.23714966
2310.5,54.17948309
2311,54.12187826
2311.5,54.06443905
2312,54.00706132
2312.5,53.94984856
2313,53.89269704
2313.5,53.83570985
2314,53.77878366
2314.5,53.72202114
2315,53.66531938
2315.5,53.60878065
2316,53.55230243
2316.5,53.49598661
2317,53.43973106
2317.5,53.38363727
2318,53.32760351
2318.5,53.27173087
2319,53.21591803
2319.5,53.16026566
2320,53.10467287
2320.5,53.04923992
2321,52.9938663
2321.5,52.93865189
2322,52.88349659
2322.5,52.82849987
2323,52.77356202
2323.5,52.71878213
2324,52.66406087
2324.5,52.60949696
2325,52.55499144
2325.5,52.50064265
2326,52.44635202
2326.5,52.3922175
2327,52.33814092
2327.5,52.28421983
2328,52.23035645
2328.5,52.17664795
2329,52.12299693
2329.5,52.06950018
2330,52.01606069
2330.5,51.96277485
2331,51.90954604
2331.5,51.85647029
2332,51.80345134
2332.5,51.75058484
2333,51.69777493
2333.5,51.64511686
2334,51.59251515
2334.5,51.54006469
2335,51.48767037
2335.5,51.4354267
2336,51.38323895
2336.5,51.33120125
2337,51.27921926
2337.5,51.22738673
2338,51.17560968
2338.5,51.1239815
2339,51.07240858
2339.5,51.02098396
2340,50.96961437
2340.5,50.91839249
2341,50.86722544
2341.5,50.8162055
2342,50.76524018
2342.5,50.71442139
2343,50.66365701
2343.5,50.61303858
2344,50.56247434
2344.5,50.51205548
2345,50.46169059
2345.5,50.41147052
2346,50.3613042
2346.5,50.31128212
2347,50.26131359
2347.5,50.21148873
2348,50.1617172
2348.5,50.11208878
2349,50.06251348
2349.5,50.01308073
2350,49.96370089
2350.5,49.91446303
2351,49.86527787
2351.5,49.81623414
2352,49.7672429
2352.5,49.71839253
2353,49.66959444
2353.5,49.62093667
2354,49.57233097
2354.5,49.52386504
2355,49.47545098
2355.5,49.42717612
2356,49.37895294
2356.5,49.33086842
2357,49.28283536
2357.5,49.23494042
2358,49.18709674
2358.5,49.13939062
2359,49.09173557
2359.5,49.04421755
2360,48.99675038
2360.5,48.9494197
2361,48.90213968
2361.5,48.85499561
2362,48.807902
2362.5,48.76094379
2363,48.71403586
2363.5,48.66726279
2364,48.62053979
2364.5,48.57395114
2365,48.52741235
2365.5,29.48086006
2366,29.47200795
2366.5,29.4631936
2367,29.4543764
2367.5,29.44559679
2368,29.43681435
2368.5,29.42806936
2369,29.41932155
2369.5,29.41061104
2370,29.40189771
2370.5,29.39322155
2371,29.38454257
2371.5,29.37590061
2372,29.36725586
2372.5,29.35864797
2373,29.3500373
2373.5,29.34146335
2374,29.33288663
2374.5,29.32434648
2375,29.31580358
2375.5,29.3072971
2376,29.29878788
2376.5,29.29031494
2377,29.28183926
2377.5,29.27339973
2378,29.26495747
2378.5,29.25655122
2379,29.24814224
2379.5,29.23976913
2380,29.23139331
2380.5,29.2230532
2381,29.21471041
2381.5,29.20640319
2382,29.19809328
2382.5,29.18981881
2383,29.18154167
2383.5,29.17329983
2384,29.16505532
2384.5,29.15684597
2385,29.14863397
2385.5,29.14045698
2386,29.13227736
2386.5,29.12413261
2387,29.11598524
2387.5,29.1078726
2388,29.09975735
2388.5,29.0916767
2389,29.08359344
2389.5,29.07554466
2390,29.06749327
2390.5,29.05947621
2391,29.05145657
2391.5,29.04347112
2392,29.0354831
2392.5,29.02752913
2393,29.0195726
2393.5,29.01165
2394,29.00372484
2394.5,28.99583347
2395,28.98793955
2395.5,28.9800793
2396,28.9722165
2396.5,28.96438724
2397,28.95655545
2397.5,28.94875705
2398,28.94095614
2398.5,28.93318849
2399,28.92541833
2399.5,28.9176813
2400,28.90994178
2400.5,28.90223526
2401,28.89452625
